player_id,player_name,team_abbr,def_fg_pct,def_fga,player_position,season
201572,Brook Lopez,MIL,0.477,1751,C,2023-24
203999,Nikola Jokić,DEN,0.511,1559,C,2023-24
203497,Rudy Gobert,MIN,0.435,1440,C,2023-24
203076,Anthony Davis,LAL,0.472,1438,F-C,2023-24
1627734,Domantas Sabonis,SAC,0.485,1407,F-C,2023-24
1631096,Chet Holmgren,OKC,0.455,1329,C-F,2023-24
1628386,Jarrett Allen,CLE,0.488,1278,C,2023-24
1630166,Deni Avdija,WAS,0.475,1255,F,2023-24
202696,Nikola Vučević,CHI,0.494,1228,C,2023-24
1629651,Nic Claxton,BKN,0.467,1196,C,2023-24
1629632,Coby White,CHI,0.506,1196,G,2023-24
1630559,Austin Reaves,LAL,0.494,1192,G,2023-24
203994,Jusuf Nurkić,PHX,0.473,1191,C,2023-24
1630578,Alperen Sengun,HOU,0.492,1189,C,2023-24
1641705,Victor Wembanyama,SAS,0.462,1187,F-C,2023-24
1626167,Myles Turner,IND,0.492,1155,C-F,2023-24
1628960,Grayson Allen,PHX,0.457,1152,G,2023-24
1627826,Ivica Zubac,LAC,0.458,1141,C,2023-24
1631094,Paolo Banchero,ORL,0.483,1131,F,2023-24
1629655,Daniel Gafford,DAL,0.488,1126,F-C,2023-24
1627783,Pascal Siakam,IND,0.5,1107,F,2023-24
1631110,Jeremy Sochan,SAS,0.481,1106,F,2023-24
1628404,Josh Hart,NYK,0.456,1092,G,2023-24
1629029,Luka Dončić,DAL,0.482,1087,F-G,2023-24
203992,Bogdan Bogdanović,ATL,0.479,1082,G,2023-24
204001,Kristaps Porziņģis,BOS,0.433,1078,F-C,2023-24
1631095,Jabari Smith Jr.,HOU,0.457,1077,F,2023-24
1641706,Brandon Miller,CHA,0.498,1076,F,2023-24
202331,Paul George,LAC,0.446,1050,F,2023-24
1628983,Shai Gilgeous-Alexander,OKC,0.451,1043,G,2023-24
1629028,Deandre Ayton,POR,0.47,1019,C,2023-24
1630567,Scottie Barnes,TOR,0.495,1013,F-G,2023-24
1628415,Dillon Brooks,HOU,0.488,1012,G-F,2023-24
1628401,Derrick White,BOS,0.453,1010,G,2023-24
1626156,D'Angelo Russell,LAL,0.488,1007,G,2023-24
201950,Jrue Holiday,BOS,0.451,1005,G,2023-24
1628389,Bam Adebayo,MIA,0.441,992,C-F,2023-24
1627749,Dejounte Murray,ATL,0.507,989,G,2023-24
1629622,Max Strus,CLE,0.432,982,G-F,2023-24
1628368,De'Aaron Fox,SAC,0.495,981,G,2023-24
1631099,Keegan Murray,SAC,0.488,975,F,2023-24
1628392,Isaiah Hartenstein,NYK,0.466,975,C-F,2023-24
202685,Jonas Valančiūnas,NOP,0.517,971,C,2023-24
1628970,Miles Bridges,CHA,0.48,969,F,2023-24
201935,James Harden,LAC,0.482,969,G,2023-24
1628380,Zach Collins,SAS,0.503,968,F-C,2023-24
203991,Clint Capela,ATL,0.494,964,C,2023-24
1627832,Fred VanVleet,HOU,0.471,964,G,2023-24
1627741,Buddy Hield,PHI,0.509,963,G,2023-24
203084,Harrison Barnes,SAC,0.488,954,F,2023-24
1629023,P.J. Washington,DAL,0.501,950,F,2023-24
201942,DeMar DeRozan,CHI,0.474,950,G-F,2023-24
203471,Dennis Schröder,BKN,0.481,949,G,2023-24
201142,Kevin Durant,PHX,0.442,943,F,2023-24
1628969,Mikal Bridges,BKN,0.466,931,G-F,2023-24
1627936,Alex Caruso,CHI,0.452,929,G,2023-24
1628991,Jaren Jackson Jr.,MEM,0.467,912,F-C,2023-24
203507,Giannis Antetokounmpo,MIL,0.462,911,F,2023-24
1629652,Luguentz Dort,OKC,0.446,908,G,2023-24
1631105,Jalen Duren,DET,0.492,907,C,2023-24
1630174,Aaron Nesmith,IND,0.454,903,G-F,2023-24
1629684,Grant Williams,CHA,0.483,901,F,2023-24
203482,Kelly Olynyk,TOR,0.523,900,F-C,2023-24
1630529,Herbert Jones,NOP,0.44,899,F,2023-24
1631117,Walker Kessler,UTA,0.463,897,C,2023-24
203081,Damian Lillard,MIL,0.453,892,G,2023-24
1630596,Evan Mobley,CLE,0.455,890,C,2023-24
1628973,Jalen Brunson,NYK,0.498,888,G,2023-24
1631170,Jaime Jaquez Jr.,MIA,0.476,886,G,2023-24
1630208,Nick Richards,CHA,0.536,879,C,2023-24
1630183,Jaden McDaniels,MIN,0.452,879,F,2023-24
1626164,Devin Booker,PHX,0.473,875,G,2023-24
1630173,Precious Achiuwa,NYK,0.475,874,F,2023-24
202699,Tobias Harris,PHI,0.463,873,F,2023-24
201143,Al Horford,BOS,0.465,873,C-F,2023-24
1627736,Malik Beasley,MIL,0.481,865,G,2023-24
1628398,Kyle Kuzma,WAS,0.492,865,F,2023-24
203932,Aaron Gordon,DEN,0.432,865,F,2023-24
1630162,Anthony Edwards,MIN,0.444,864,G,2023-24
1630552,Jalen Johnson,ATL,0.476,861,F,2023-24
1630595,Cade Cunningham,DET,0.496,855,G,2023-24
1641726,Dereck Lively II,DAL,0.482,851,C,2023-24
1628978,Donte DiVincenzo,NYK,0.495,851,G,2023-24
1630532,Franz Wagner,ORL,0.476,847,F,2023-24
203468,CJ McCollum,NOP,0.471,842,G,2023-24
1630194,Paul Reed,PHI,0.508,841,F,2023-24
1626157,Karl-Anthony Towns,MIN,0.47,839,C-F,2023-24
1631093,Jaden Ivey,DET,0.483,837,G,2023-24
1628374,Lauri Markkanen,UTA,0.495,836,F-C,2023-24
1629673,Jordan Poole,WAS,0.502,836,G,2023-24
203954,Joel Embiid,PHI,0.441,833,C-F,2023-24
1628381,John Collins,UTA,0.526,832,F-C,2023-24
202695,Kawhi Leonard,LAC,0.476,828,F,2023-24
1630224,Jalen Green,HOU,0.481,828,G,2023-24
1628971,Bruce Brown,TOR,0.513,827,G-F,2023-24
1627750,Jamal Murray,DEN,0.448,823,G,2023-24
1627777,Georges Niang,CLE,0.481,821,F,2023-24
201939,Stephen Curry,GSW,0.476,821,G,2023-24
1630581,Josh Giddey,OKC,0.471,820,G,2023-24
1626171,Bobby Portis,MIL,0.509,820,F,2023-24
1630560,Cam Thomas,BKN,0.493,814,G,2023-24
1630557,Corey Kispert,WAS,0.493,813,F,2023-24
1627752,Taurean Prince,LAL,0.502,811,F,2023-24
1630178,Tyrese Maxey,PHI,0.458,805,G,2023-24
1627827,Dorian Finney-Smith,BKN,0.461,805,F,2023-24
1628997,Caleb Martin,MIA,0.436,801,F,2023-24
202691,Klay Thompson,GSW,0.456,793,G,2023-24
203110,Draymond Green,GSW,0.43,789,F,2023-24
1629675,Naz Reid,MIN,0.475,787,C-F,2023-24
1641764,Brandin Podziemski,GSW,0.485,785,G,2023-24
1628369,Jayson Tatum,BOS,0.467,784,F-G,2023-24
1626220,Royce O'Neale,PHX,0.478,782,F,2023-24
1629008,Michael Porter Jr.,DEN,0.504,782,F,2023-24
1630245,Ayo Dosunmu,CHI,0.476,782,G,2023-24
203501,Tim Hardaway Jr.,DAL,0.49,781,G-F,2023-24
203952,Andrew Wiggins,GSW,0.471,780,F,2023-24
1641718,Keyonte George,UTA,0.495,778,G,2023-24
1630200,Tre Jones,SAS,0.49,777,G,2023-24
1626179,Terry Rozier,MIA,0.5,776,G,2023-24
1630193,Immanuel Quickley,TOR,0.481,776,G,2023-24
1630228,Jonathan Kuminga,GSW,0.459,773,F,2023-24
1627751,Jakob Poeltl,TOR,0.496,768,C,2023-24
1629628,RJ Barrett,TOR,0.49,768,F-G,2023-24
1630591,Jalen Suggs,ORL,0.464,763,G,2023-24
1630703,Scoot Henderson,POR,0.534,762,G,2023-24
203915,Spencer Dinwiddie,LAL,0.472,761,G,2023-24
1627759,Jaylen Brown,BOS,0.448,755,G-F,2023-24
1629627,Zion Williamson,NOP,0.473,755,F,2023-24
1626172,Kevon Looney,GSW,0.464,755,F,2023-24
1630583,Santi Aldama,MEM,0.473,752,F-C,2023-24
201144,Mike Conley,MIN,0.448,752,G,2023-24
1629638,Nickeil Alexander-Walker,MIN,0.434,746,G,2023-24
1626162,Kelly Oubre Jr.,PHI,0.465,739,F-G,2023-24
1630175,Cole Anthony,ORL,0.474,737,G,2023-24
1641717,Cason Wallace,OKC,0.447,736,G,2023-24
1626192,Pat Connaughton,MIL,0.469,735,G,2023-24
1629640,Keldon Johnson,SAS,0.493,735,F-G,2023-24
202704,Reggie Jackson,DEN,0.489,732,G,2023-24
203078,Bradley Beal,PHX,0.471,731,G,2023-24
1630169,Tyrese Haliburton,IND,0.529,730,G,2023-24
1630534,Ochai Agbaji,TOR,0.436,725,G,2023-24
1630168,Onyeka Okongwu,ATL,0.51,712,F-C,2023-24
2544,LeBron James,LAL,0.462,710,F,2023-24
1627747,Caris LeVert,CLE,0.445,710,G,2023-24
1629027,Trae Young,ATL,0.507,708,G,2023-24
1631114,Jalen Williams,OKC,0.448,707,G-F,2023-24
1629060,Rui Hachimura,LAL,0.482,707,F,2023-24
1631212,Peyton Watson,DEN,0.424,706,G,2023-24
1629012,Collin Sexton,UTA,0.496,702,G,2023-24
1629614,Andrew Nembhard,IND,0.464,700,G-F,2023-24
1641739,Toumani Camara,POR,0.498,699,F,2023-24
203937,Kyle Anderson,MIN,0.454,698,F-G,2023-24
203484,Kentavious Caldwell-Pope,DEN,0.444,696,G,2023-24
1627742,Brandon Ingram,NOP,0.481,690,F,2023-24
200768,Kyle Lowry,PHI,0.492,685,G,2023-24
1630700,Dyson Daniels,NOP,0.471,683,G,2023-24
1629631,De'Andre Hunter,ATL,0.485,682,F-G,2023-24
1630573,Sam Hauser,BOS,0.478,676,F,2023-24
1641871,Duop Reath,POR,0.485,670,C,2023-24
1628976,Wendell Carter Jr.,ORL,0.495,666,C-F,2023-24
1627884,Derrick Jones Jr.,DAL,0.46,665,F,2023-24
1641709,Ausar Thompson,DET,0.483,665,G-F,2023-24
1626145,Tyus Jones,WAS,0.529,664,G,2023-24
1629021,Moritz Wagner,ORL,0.489,664,F-C,2023-24
203083,Andre Drummond,CHI,0.495,663,C,2023-24
1628989,Kevin Huerter,SAC,0.499,659,G-F,2023-24
1629234,Drew Eubanks,PHX,0.468,658,F-C,2023-24
1628384,OG Anunoby,NYK,0.437,650,F-G,2023-24
202681,Kyrie Irving,DAL,0.491,646,G,2023-24
1641731,Bilal Coulibaly,WAS,0.505,645,G,2023-24
203944,Julius Randle,NYK,0.481,644,F-C,2023-24
202710,Jimmy Butler III,MIA,0.473,639,F,2023-24
1630577,Julian Champagnie,SAS,0.455,639,F,2023-24
1628436,Luke Kornet,BOS,0.445,638,C-F,2023-24
203967,Dario Šarić,GSW,0.503,634,F-C,2023-24
1629312,Haywood Highsmith,MIA,0.45,634,F,2023-24
1629611,Terance Mann,LAC,0.502,632,G-F,2023-24
1626181,Norman Powell,LAC,0.456,629,G,2023-24
1630180,Saddiq Bey,ATL,0.502,629,G-F,2023-24
1628963,Marvin Bagley III,WAS,0.489,626,F,2023-24
1628370,Malik Monk,SAC,0.464,623,G,2023-24
1631218,Trayce Jackson-Davis,GSW,0.477,620,F,2023-24
1630191,Isaiah Stewart,DET,0.43,619,F-C,2023-24
1629014,Anfernee Simons,POR,0.542,618,G,2023-24
1631133,Jabari Walker,POR,0.477,614,F,2023-24
1630171,Isaac Okoro,CLE,0.452,610,F-G,2023-24
1629636,Darius Garland,CLE,0.506,605,G,2023-24
1630170,Devin Vassell,SAS,0.52,602,G-F,2023-24
1631128,Christian Braun,DEN,0.449,601,G,2023-24
1631246,Vince Williams Jr.,MEM,0.488,601,G,2023-24
1629639,Tyler Herro,MIA,0.441,599,G,2023-24
1630530,Trey Murphy III,NOP,0.415,591,F,2023-24
201976,Patrick Beverley,MIL,0.443,587,G,2023-24
203924,Jerami Grant,POR,0.512,584,F,2023-24
1631323,Simone Fontecchio,DET,0.461,581,F,2023-24
1630598,Aaron Wiggins,OKC,0.443,578,G,2023-24
1629130,Duncan Robinson,MIA,0.468,575,F,2023-24
203114,Khris Middleton,MIL,0.452,573,F,2023-24
1630167,Obi Toppin,IND,0.486,572,F,2023-24
1628464,Daniel Theis,LAC,0.475,570,F-C,2023-24
201145,Jeff Green,HOU,0.43,561,F,2023-24
1630164,James Wiseman,DET,0.483,559,C,2023-24
1630540,Miles McBride,NYK,0.456,555,G,2023-24
1630182,Josh Green,DAL,0.496,552,G,2023-24
1629661,Cameron Johnson,BKN,0.475,549,F,2023-24
201587,Nicolas Batum,PHI,0.446,549,G-F,2023-24
1630202,Payton Pritchard,BOS,0.489,546,G,2023-24
1630198,Isaiah Joe,OKC,0.485,544,G,2023-24
101108,Chris Paul,GSW,0.484,543,G,2023-24
1629680,Matisse Thybulle,POR,0.481,543,G-F,2023-24
1626204,Larry Nance Jr.,NOP,0.505,527,F-C,2023-24
203903,Jordan Clarkson,UTA,0.499,521,G,2023-24
1629599,Amir Coffey,LAC,0.479,520,G-F,2023-24
201569,Eric Gordon,PHX,0.451,519,G,2023-24
1627739,Kris Dunn,UTA,0.426,514,G,2023-24
203939,Dwight Powell,DAL,0.465,514,F-C,2023-24
1630217,Desmond Bane,MEM,0.464,509,G,2023-24
1631097,Bennedict Mathurin,IND,0.545,508,G-F,2023-24
1630214,Xavier Tillman,BOS,0.467,507,F,2023-24
1630549,Day'Ron Sharpe,BKN,0.49,506,C,2023-24
1630188,Jalen Smith,IND,0.508,504,F-C,2023-24
1629637,Jaxson Hayes,LAL,0.458,504,C-F,2023-24
1631119,Jaylin Williams,OKC,0.497,503,F,2023-24
1628378,Donovan Mitchell,CLE,0.476,500,G,2023-24
1629048,Goga Bitadze,ORL,0.502,500,C-F,2023-24
1630230,Naji Marshall,NOP,0.428,498,F,2023-24
1628467,Maxi Kleber,DAL,0.431,494,F,2023-24
1629018,Gary Trent Jr.,TOR,0.514,492,G,2023-24
201566,Russell Westbrook,LAC,0.436,491,G,2023-24
1629723,John Konchar,MEM,0.497,491,G,2023-24
1626168,Trey Lyles,SAC,0.49,488,F,2023-24
1641711,Gradey Dick,TOR,0.522,483,G-F,2023-24
1631204,Marcus Sasser,DET,0.488,482,G,2023-24
202711,Bojan Bogdanovic,NYK,0.535,469,F,2023-24
1641708,Amen Thompson,HOU,0.453,466,G-F,2023-24
1641710,Anthony Black,ORL,0.471,465,G,2023-24
1631223,David Roddy,PHX,0.454,463,F,2023-24
1631103,Malaki Branham,SAS,0.535,452,F,2023-24
1626224,Cedi Osman,SAS,0.53,451,F,2023-24
1641722,Jordan Hawkins,NOP,0.447,450,G,2023-24
1628988,Aaron Holiday,HOU,0.477,440,G,2023-24
1630541,Moses Moody,GSW,0.421,439,G,2023-24
203486,Mason Plumlee,LAC,0.479,438,F-C,2023-24
1629731,Dean Wade,CLE,0.474,435,F-C,2023-24
204456,T.J. McConnell,IND,0.524,435,G,2023-24
1626196,Josh Richardson,MIA,0.493,434,G,2023-24
1628470,Torrey Craig,CHI,0.493,432,F,2023-24
1631108,Max Christie,LAL,0.445,429,G,2023-24
1630172,Patrick Williams,CHI,0.486,428,F,2023-24
1630692,Jordan Goodwin,MEM,0.466,423,G,2023-24
1626166,Cameron Payne,PHI,0.483,420,G,2023-24
1628372,Dennis Smith Jr.,BKN,0.444,419,G,2023-24
1629001,De'Anthony Melton,PHI,0.505,418,G,2023-24
203109,Jae Crowder,MIL,0.437,414,F,2023-24
1626174,Christian Wood,LAL,0.437,414,F,2023-24
202687,Bismack Biyombo,OKC,0.485,412,C,2023-24
1629111,Jock Landale,HOU,0.443,411,C,2023-24
1630543,Isaiah Jackson,IND,0.469,407,F,2023-24
1629659,Talen Horton-Tucker,UTA,0.498,406,G,2023-24
1630256,Jae'Sean Tate,HOU,0.429,406,F,2023-24
1630165,Killian Hayes,DET,0.533,403,G,2023-24
1631107,Nikola Jović,MIA,0.488,402,F,2023-24
1641713,GG Jackson,MEM,0.489,401,F,2023-24
203995,Vasilije Micic,CHA,0.504,401,G,2023-24
1630558,Davion Mitchell,SAC,0.485,400,G,2023-24
1641707,Taylor Hendricks,UTA,0.519,397,F,2023-24
1631165,Keon Ellis,SAC,0.455,396,G,2023-24
202330,Gordon Hayward,OKC,0.454,390,F,2023-24
202692,Alec Burks,NYK,0.477,390,G,2023-24
1630544,Tre Mann,CHA,0.515,388,G,2023-24
1628964,Mo Bamba,PHI,0.499,387,C,2023-24
203914,Gary Harris,ORL,0.478,387,G,2023-24
201567,Kevin Love,MIA,0.466,384,F-C,2023-24
203926,Doug McDermott,IND,0.499,381,F,2023-24
1630533,Ziaire Williams,MEM,0.488,381,F,2023-24
1629026,Kenrich Williams,OKC,0.532,380,G-F,2023-24
203957,Danté Exum,DAL,0.515,379,G,2023-24
1631200,Kris Murray,POR,0.488,377,F,2023-24
1629006,Josh Okogie,PHX,0.473,376,G,2023-24
1630201,Malachi Flynn,DET,0.52,375,G,2023-24
1628972,Troy Brown Jr.,DET,0.556,372,G-F,2023-24
1627763,Malcolm Brogdon,POR,0.481,370,G,2023-24
1631101,Shaedon Sharpe,POR,0.528,369,G,2023-24
1630631,Jose Alvarado,NOP,0.44,364,G,2023-24
1629629,Cam Reddish,LAL,0.51,363,F-G,2023-24
1630570,Trendon Watford,BKN,0.49,363,F,2023-24
1628975,Jevon Carter,CHI,0.472,362,G,2023-24
1629726,Garrison Mathews,ATL,0.497,360,G,2023-24
1629011,Mitchell Robinson,NYK,0.521,359,C-F,2023-24
1628371,Jonathan Isaac,ORL,0.421,354,F,2023-24
1630537,Chris Duarte,SAC,0.497,352,G,2023-24
1629656,Quentin Grimes,DET,0.487,345,G,2023-24
1629002,Chimezie Metu,DET,0.462,344,F-C,2023-24
1628379,Luke Kennard,MEM,0.517,344,G,2023-24
1630625,Dalano Banton,POR,0.46,341,F,2023-24
1631104,Blake Wesley,SAS,0.506,336,G,2023-24
1631222,Jake LaRavia,MEM,0.496,335,F,2023-24
1630241,Sam Merrill,CLE,0.417,331,G,2023-24
1630702,Jaden Hardy,DAL,0.529,329,G,2023-24
1629022,Lonnie Walker IV,BKN,0.423,324,G-F,2023-24
1628365,Markelle Fultz,ORL,0.503,320,G,2023-24
1631121,Bryce McGowens,CHA,0.464,319,G,2023-24
1630550,JT Thor,CHA,0.489,313,F,2023-24
1628981,Bruno Fernando,ATL,0.529,312,F-C,2023-24
1628998,Cody Martin,CHA,0.434,311,F,2023-24
1629013,Landry Shamet,WAS,0.498,307,G,2023-24
202397,Ish Smith,CHA,0.505,307,G,2023-24
1641998,Trey Jemison III,MEM,0.484,306,C,2023-24
203488,Mike Muscala,OKC,0.5,306,F-C,2023-24
1630192,Zeke Nnaji,DEN,0.421,304,F-C,2023-24
1628449,Chris Boucher,TOR,0.481,297,F,2023-24
203897,Zach LaVine,CHI,0.464,293,G,2023-24
1641767,Ben Sheppard,IND,0.5,292,G,2023-24
1626153,Delon Wright,MIA,0.488,287,G,2023-24
1629670,Jordan Nwora,TOR,0.466,283,F,2023-24
1628966,Keita Bates-Diop,BKN,0.452,281,F,2023-24
203200,Justin Holiday,DEN,0.429,280,F-G,2023-24
204060,Joe Ingles,ORL,0.475,278,F-G,2023-24
1630209,Omer Yurtseven,UTA,0.56,273,C,2023-24
202722,Davis Bertans,CHA,0.491,271,F,2023-24
1631109,Mark Williams,CHA,0.535,269,C,2023-24
202694,Marcus Morris Sr.,CLE,0.509,269,F,2023-24
201568,Danilo Gallinari,MIL,0.519,268,F,2023-24
1641715,Cam Whitmore,HOU,0.481,264,F,2023-24
1631230,Dominick Barlow,SAS,0.498,263,F,2023-24
202684,Tristan Thompson,CLE,0.438,260,C-F,2023-24
1627780,Gary Payton II,GSW,0.444,259,G,2023-24
1630699,MarJon Beauchamp,MIL,0.457,256,F,2023-24
1630579,Jericho Sims,NYK,0.512,256,C,2023-24
1626158,Richaun Holmes,WAS,0.545,255,F,2023-24
1629667,Jalen McDaniels,TOR,0.48,254,F,2023-24
1641854,Craig Porter Jr.,CLE,0.496,254,G,2023-24
1641733,Nick Smith Jr.,CHA,0.484,248,G,2023-24
1630205,Lamar Stevens,MEM,0.456,241,F,2023-24
1631216,Caleb Houstan,ORL,0.472,235,G,2023-24
1630231,KJ Martin,PHI,0.491,234,F,2023-24
1631367,Jacob Gilyard,BKN,0.524,233,G,2023-24
1631260,AJ Green,MIL,0.47,230,G,2023-24
203458,Alex Len,SAC,0.47,230,C,2023-24
1630215,Jared Butler,WAS,0.476,229,G,2023-24
1630590,Scotty Pippen Jr.,MEM,0.458,227,G,2023-24
1631207,Dalen Terry,CHI,0.409,225,F,2023-24
1630572,Sandro Mamukelashvili,SAS,0.475,223,F-C,2023-24
1629052,Oshae Brissett,BOS,0.448,223,F-G,2023-24
1630592,Jalen Wilson,BKN,0.455,220,F,2023-24
1630264,Anthony Gill,WAS,0.512,215,F,2023-24
1628426,Sasha Vezenkov,SAC,0.477,214,F,2023-24
1630538,Bones Hyland,LAC,0.5,212,G,2023-24
1630163,LaMelo Ball,CHA,0.585,212,G,2023-24
1631098,Johnny Davis,WAS,0.538,210,G,2023-24
203095,Evan Fournier,DET,0.481,210,G-F,2023-24
1629020,Jarred Vanderbilt,LAL,0.514,210,F,2023-24
1641729,Brice Sensabaugh,UTA,0.467,210,F,2023-24
1629626,Bol Bol,PHX,0.37,208,C-F,2023-24
1627863,Danuel House Jr.,PHI,0.452,208,F-G,2023-24
1628418,Thomas Bryant,MIA,0.558,208,C-F,2023-24
1641748,Andre Jackson Jr.,MIL,0.543,208,G,2023-24
200782,P.J. Tucker,LAC,0.456,206,F,2023-24
1629007,Jontay Porter,DET,0.519,206,C-F,2023-24
201152,Thaddeus Young,PHX,0.5,204,F,2023-24
1631116,Patrick Baldwin Jr.,WAS,0.478,203,F,2023-24
1629674,Neemias Queta,BOS,0.45,202,C,2023-24
1629162,Jordan McLaughlin,MIN,0.463,201,G,2023-24
1630197,Aleksej Pokusevski,CHA,0.5,200,F,2023-24
1630249,Vít Krejčí,ATL,0.51,200,G,2023-24
203552,Seth Curry,CHA,0.47,198,G,2023-24
203496,Robert Covington,PHI,0.424,198,F,2023-24
1629139,Yuta Watanabe,MEM,0.492,195,G-F,2023-24
1630531,Jaden Springer,BOS,0.482,195,G,2023-24
1641730,Noah Clowney,BKN,0.5,194,F,2023-24
1629003,Shake Milton,NYK,0.51,194,G-F,2023-24
1630647,Eugene Omoruyi,WAS,0.492,193,F,2023-24
1628995,Kevin Knox II,POR,0.497,191,F,2023-24
1641712,Rayan Rupert,POR,0.513,189,G-F,2023-24
1629642,Nassir Little,PHX,0.468,188,F-G,2023-24
1641877,Nathan Mensah,CHA,0.548,186,C,2023-24
1631106,Tari Eason,HOU,0.432,183,F,2023-24
201599,DeAndre Jordan,DEN,0.478,182,C,2023-24
203935,Marcus Smart,MEM,0.411,180,G,2023-24
202083,Wesley Matthews,ATL,0.475,179,G,2023-24
1631303,Justin Minaya,POR,0.429,175,F,2023-24
1629643,Chuma Okeke,ORL,0.463,175,F,2023-24
1630526,Jeremiah Robinson-Earl,NOP,0.491,175,F,2023-24
1641787,Tosan Evbuomwan,DET,0.54,174,F,2023-24
1631124,Julian Strawther,DEN,0.437,174,G,2023-24
1630235,Trent Forrest,ATL,0.468,173,G,2023-24
1628420,Monte Morris,MIN,0.453,170,G,2023-24
1630587,Isaiah Livers,DET,0.524,170,F,2023-24
201580,JaVale McGee,SAC,0.434,166,C-F,2023-24
1630346,Matt Ryan,NOP,0.476,164,F,2023-24
1630527,Brandon Boston,LAC,0.491,161,G,2023-24
203469,Cody Zeller,NOP,0.5,156,F-C,2023-24
1629677,Luka Samanic,UTA,0.457,151,F,2023-24
203493,Reggie Bullock Jr.,HOU,0.473,148,G-F,2023-24
1630219,Skylar Mays,LAL,0.439,148,G,2023-24
1627732,Ben Simmons,BKN,0.524,147,G-F,2023-24
1631172,Ousmane Dieng,OKC,0.432,146,F,2023-24
1631311,Lester Quinones,GSW,0.507,146,G,2023-24
1631241,Javon Freeman-Liberty,TOR,0.521,146,G,2023-24
1629650,Moses Brown,POR,0.476,145,C,2023-24
1630548,Johnny Juzang,UTA,0.472,142,G,2023-24
1631115,Orlando Robinson,MIA,0.511,141,C,2023-24
1627745,Damian Jones,CLE,0.432,139,C,2023-24
201988,Patty Mills,MIA,0.496,135,G,2023-24
202066,Garrett Temple,TOR,0.448,134,G-F,2023-24
1641738,Kobe Brown,LAC,0.435,131,F,2023-24
1629630,Ja Morant,MEM,0.557,131,G,2023-24
1630556,Kessler Edwards,SAC,0.481,129,F,2023-24
1630322,Lindy Waters III,OKC,0.395,129,F,2023-24
1630641,Ibou Badji,POR,0.465,127,C,2023-24
1641765,Olivier-Maxence Prosper,DAL,0.472,125,F,2023-24
201565,Derrick Rose,MEM,0.565,124,G,2023-24
1641763,Julian Phillips,CHI,0.504,121,F,2023-24
1630649,Stanley Umude,DET,0.512,121,G,2023-24
1629004,Svi Mykhailiuk,BOS,0.356,118,G-F,2023-24
202709,Cory Joseph,GSW,0.483,116,G,2023-24
1641716,Jarace Walker,IND,0.522,115,F,2023-24
1631288,Jamal Cain,MIA,0.425,113,F,2023-24
1641931,Onuralp Bitim,CHI,0.45,111,F,2023-24
1641778,Leaky Black,CHA,0.445,110,F,2023-24
1630639,A.J. Lawson,DAL,0.523,107,G,2023-24
1630551,Justin Champagnie,WAS,0.486,107,G-F,2023-24
1630611,Gui Santos,GSW,0.523,107,F,2023-24
1631221,Collin Gillespie,DEN,0.422,102,G,2023-24
1641741,Ricky Council IV,PHI,0.545,101,G,2023-24
202693,Markieff Morris,DAL,0.51,98,F,2023-24
1630695,Micah Potter,UTA,0.485,97,C,2023-24
1628984,Devonte' Graham,SAS,0.438,96,G,2023-24
1629646,Charles Bassey,SAS,0.5,96,C-F,2023-24
1631338,Mouhamadou Gueye,TOR,0.453,95,F,2023-24
1630204,Ashton Hagans,POR,0.398,93,G-F,2023-24
1641723,Kobe Bufkin,ATL,0.551,89,G,2023-24
201959,Taj Gibson,DET,0.443,88,F,2023-24
1630678,Terry Taylor,CHI,0.398,88,F,2023-24
1631254,Kenneth Lofton Jr.,UTA,0.46,87,F,2023-24
1641774,Tristan Vukcevic,WAS,0.407,86,F,2023-24
1631197,Jared Rhoden,DET,0.442,86,G,2023-24
1630184,Kira Lewis Jr.,UTA,0.442,86,G,2023-24
1630177,Theo Maledon,PHX,0.442,86,G,2023-24
1629669,Jaylen Nowell,SAC,0.39,82,G,2023-24
1629216,Gabe Vincent,LAL,0.427,82,G,2023-24
1630243,Trevelin Queen,ORL,0.338,77,G,2023-24
1629647,Darius Bazley,UTA,0.506,77,F,2023-24
1629057,Robert Williams III,POR,0.446,74,C-F,2023-24
1627788,Furkan Korkmaz,PHI,0.507,73,G-F,2023-24
1628962,Udoka Azubuike,PHX,0.408,71,C-F,2023-24
1629750,Javonte Green,CHI,0.5,68,G,2023-24
1630240,Saben Lee,PHX,0.471,68,G,2023-24
1631100,AJ Griffin,ATL,0.478,67,F,2023-24
1629716,Marques Bolden,CHA,0.515,66,C,2023-24
203648,Thanasis Antetokounmpo,MIL,0.313,64,F,2023-24
1630314,Brandon Williams,DAL,0.54,63,G,2023-24
1630562,Matt Hurt,MEM,0.476,63,F,2023-24
1630568,Luka Garza,MIN,0.508,61,C,2023-24
1630285,Zavier Simpson,DET,0.443,61,G,2023-24
203490,Otto Porter Jr.,TOR,0.377,61,F,2023-24
1631262,Jules Bernard,WAS,0.542,59,G,2023-24
1629875,Xavier Moon,LAC,0.517,58,G,2023-24
1641732,Colby Jones,SAC,0.466,58,G,2023-24
1631466,Nate Williams,HOU,0.473,55,G,2023-24
1630696,Dru Smith,MIA,0.564,55,G,2023-24
203925,Joe Harris,DET,0.509,55,G-F,2023-24
1631321,Sidy Cissoko,SAS,0.472,53,G,2023-24
1641970,Maozinha Pereira,MEM,0.358,53,F,2023-24
1642013,Malik Williams,TOR,0.51,51,C,2023-24
1630186,Jahmi'us Ramsey,TOR,0.52,50,G,2023-24
1630610,DeJon Jarreau,MEM,0.46,50,G,2023-24
1628385,Harry Giles III,LAL,0.571,49,F-C,2023-24
1630288,Jeff Dowtin Jr.,PHI,0.469,49,G,2023-24
1629685,Dylan Windler,ATL,0.449,49,G-F,2023-24
1626246,Boban Marjanovic,HOU,0.396,48,C,2023-24
1629634,Brandon Clarke,MEM,0.542,48,F,2023-24
201577,Robin Lopez,MIL,0.511,47,C,2023-24
1629618,Jalen Pickett,DEN,0.556,45,G,2023-24
1629717,Armoni Brooks,BKN,0.442,43,G,2023-24
1631169,Josh Minott,MIN,0.6,40,F,2023-24
1631217,Moussa Diabaté,LAC,0.538,39,F,2023-24
1631306,Cole Swider,MIA,0.368,38,F,2023-24
1641720,Jalen Hood-Schifino,LAL,0.514,37,G,2023-24
1641734,Emoni Bates,CLE,0.528,36,F,2023-24
1630554,Jason Preston,UTA,0.472,36,G,2023-24
1631123,Jamaree Bouyea,SAS,0.514,35,G,2023-24
1630658,Colin Castleton,LAL,0.543,35,C,2023-24
1641721,Maxwell Lewis,LAL,0.514,35,F,2023-24
1630181,R.J. Hampton,MIA,0.371,35,G,2023-24
1630846,Olivier Sarr,OKC,0.382,34,C,2023-24
1630600,Isaiah Mobley,CLE,0.5,34,F,2023-24
1631173,Terquavion Smith,PHI,0.576,33,G,2023-24
1631243,Mouhamed Gueye,ATL,0.455,33,F,2023-24
1641753,Chris Livingston,MIL,0.484,31,F,2023-24
1641851,Timmy Allen,MEM,0.516,31,F,2023-24
1631205,Buddy Boeheim,DET,0.517,29,F,2023-24
1631298,Jack White,OKC,0.414,29,F,2023-24
1631157,Ryan Rollins,MIL,0.286,28,G,2023-24
1641754,Seth Lundy,ATL,0.607,28,G-F,2023-24
1630618,D.J. Carton,TOR,0.519,27,G,2023-24
1629117,Wenyen Gabriel,BOS,0.407,27,F,2023-24
1641775,Jordan Walsh,BOS,0.444,27,G,2023-24
1630547,James Bouknight,CHA,0.385,26,G,2023-24
1631220,Dereon Seabron,NOP,0.32,25,G,2023-24
1628424,Kobi Simmons,TOR,0.44,25,G,2023-24
1631257,Jermaine Samuels Jr.,HOU,0.36,25,F,2023-24
203933,T.J. Warren,MIN,0.542,24,F,2023-24
1630643,Jay Huff,DEN,0.458,24,C,2023-24
1641816,Hunter Tyson,DEN,0.348,23,F,2023-24
1630207,Nate Hinton,HOU,0.522,23,G-F,2023-24
1629308,Juan Toscano-Anderson,SAC,0.5,22,F,2023-24
1631111,Wendell Moore Jr.,MIN,0.455,22,G,2023-24
1641724,Jett Howard,ORL,0.429,21,G,2023-24
1629010,Jerome Robinson,GSW,0.381,21,G,2023-24
1629678,Admiral Schofield,ORL,0.286,21,F,2023-24
1630564,RaiQuan Gray,SAS,0.476,21,F,2023-24
201949,James Johnson,IND,0.476,21,F,2023-24
1627853,Ryan Arcidiacono,NYK,0.3,20,G,2023-24
1631131,Oscar Tshiebwe,IND,0.6,20,F-C,2023-24
1641735,Amari Bailey,CHA,0.4,20,G,2023-24
1641766,Adama Sanogo,CHI,0.35,20,F,2023-24
1631159,Leonard Miller,MIN,0.5,18,F,2023-24
1630296,Braxton Key,DEN,0.556,18,F,2023-24
1630535,Greg Brown III,DAL,0.333,18,F,2023-24
1641793,D'Moi Hodge,LAL,0.5,18,G,2023-24
1641749,Keyontae Johnson,OKC,0.412,17,F,2023-24
1630553,Keon Johnson,BKN,0.647,17,G,2023-24
1631120,JD Davison,BOS,0.412,17,G,2023-24
1631102,TyTy Washington Jr.,MIL,0.333,15,G,2023-24
1641788,Alex Fudge,DAL,0.6,15,F,2023-24
1629610,DaQuan Jeffries,NYK,0.571,14,G-F,2023-24
1641771,Jalen Slawson,SAC,0.385,13,F,2023-24
1641926,Dexter Dennis,DAL,0.462,13,G,2023-24
1630561,David Duke Jr.,SAS,0.385,13,G,2023-24
1630311,Pat Spencer,GSW,0.333,12,G,2023-24
1641757,Jordan Miller,LAC,0.5,12,G,2023-24
201980,Danny Green,PHI,0.727,11,G,2023-24
1628373,Frank Ntilikina,CHA,0.364,11,G,2023-24
1630688,Ish Wainright,PHX,0.182,11,F,2023-24
1641727,Dariq Whitehead,BKN,0.818,11,F,2023-24
1628391,D.J. Wilson,ORL,0.364,11,F,2023-24
1631112,Kendall Brown,IND,0.455,11,G,2023-24
1630222,Mason Jones,SAC,0.364,11,G,2023-24
1631386,Taze Moore,POR,0.7,10,G,2023-24
1630586,Usman Garuba,GSW,0.5,10,F,2023-24
1629603,Mamadi Diakite,NYK,0.5,10,F,2023-24
1629718,Charlie Brown Jr.,NYK,0.333,9,G,2023-24
1631210,Jacob Toppin,NYK,0.778,9,F,2023-24
1630604,E.J. Liddell,NOP,0.625,8,F,2023-24
1630227,Daishen Nix,MIN,0.5,8,G,2023-24
1629660,Ty Jerome,CLE,0.571,7,G-F,2023-24
1631245,Quenton Jackson,IND,0.333,6,G,2023-24
202738,Isaiah Thomas,PHX,0.333,6,G,2023-24
1630196,Filip Petrusev,PHI,0.0,6,C,2023-24
1630929,Henri Drell,CHI,0.167,6,F,2023-24
1630259,Jordan Ford,SAC,0.6,5,G,2023-24
1629623,Lindell Wigginton,MIL,0.4,5,G,2023-24
1630563,Joshua Primo,LAC,0.4,5,G,2023-24
1641809,Drew Peterson,BOS,0.4,5,F,2023-24
1629232,Kaiser Gates,NOP,0.2,5,F,2023-24
1631250,Pete Nance,CLE,0.5,4,F,2023-24
1641847,Andrew Funk,CHI,0.75,4,G,2023-24
1641745,Adam Flagler,OKC,0.5,4,G,2023-24
1627885,Shaquille Harrison,MEM,0.5,4,G,2023-24
1631167,Izaiah Brockington,NOP,0.333,3,G,2023-24
1631376,Dmytro Skapintsev,NYK,0.333,3,C,2023-24
1630284,Kevon Harris,ORL,0.333,3,G,2023-24
1641806,Markquis Nowell,TOR,0.5,2,G,2023-24
1630606,Javonte Smart,PHI,0.0,1,G,2023-24
1628977,Hamidou Diallo,WAS,1.0,1,G,2023-24
1631199,Ron Harper Jr.,TOR,0.0,1,G-F,2023-24
1630622,Jalen Crutcher,NOP,0.0,1,G,2023-24
1631214,Alondes Williams,MIA,1.0,1,G,2023-24
201572,Brook Lopez,MIL,0.468,1524,C,2024-25
1627826,Ivica Zubac,LAC,0.458,1460,C,2024-25
203999,Nikola Jokić,DEN,0.49,1433,C,2024-25
1630578,Alperen Sengun,HOU,0.471,1354,C,2024-25
202696,Nikola Vučević,CHI,0.475,1306,C,2024-25
203497,Rudy Gobert,MIN,0.458,1281,C,2024-25
1630596,Evan Mobley,CLE,0.445,1218,C,2024-25
1628386,Jarrett Allen,CLE,0.468,1208,C,2024-25
1626157,Karl-Anthony Towns,NYK,0.51,1195,C-F,2024-25
1627734,Domantas Sabonis,SAC,0.499,1191,F-C,2024-25
1642259,Alex Sarr,WAS,0.507,1185,C,2024-25
1628404,Josh Hart,NYK,0.484,1175,G,2024-25
1627783,Pascal Siakam,IND,0.464,1144,F,2024-25
1631117,Walker Kessler,UTA,0.439,1144,C,2024-25
1630700,Dyson Daniels,ATL,0.486,1143,G,2024-25
1630559,Austin Reaves,LAL,0.492,1136,G,2024-25
1630183,Jaden McDaniels,MIN,0.46,1114,F,2024-25
1627750,Jamal Murray,DEN,0.477,1103,G,2024-25
1642274,Yves Missi,NOP,0.525,1088,C,2024-25
1626167,Myles Turner,IND,0.486,1073,C-F,2024-25
1628415,Dillon Brooks,HOU,0.468,1068,G-F,2024-25
1631105,Jalen Duren,DET,0.5,1057,C,2024-25
1628401,Derrick White,BOS,0.438,1052,G,2024-25
1631099,Keegan Murray,SAC,0.449,1048,F,2024-25
1628969,Mikal Bridges,NYK,0.464,1040,G-F,2024-25
1630595,Cade Cunningham,DET,0.441,1039,G,2024-25
201935,James Harden,LAC,0.474,1034,G,2024-25
1628389,Bam Adebayo,MIA,0.474,1024,C-F,2024-25
1641739,Toumani Camara,POR,0.491,1013,F,2024-25
1628384,OG Anunoby,NYK,0.449,1003,F-G,2024-25
1630168,Onyeka Okongwu,ATL,0.503,998,F-C,2024-25
1631128,Christian Braun,DEN,0.481,990,G,2024-25
1630581,Josh Giddey,CHI,0.477,985,G,2024-25
203110,Draymond Green,GSW,0.432,983,F,2024-25
203897,Zach LaVine,SAC,0.453,967,G,2024-25
1628991,Jaren Jackson Jr.,MEM,0.419,951,F-C,2024-25
1628983,Shai Gilgeous-Alexander,OKC,0.441,948,G,2024-25
1629675,Naz Reid,MIN,0.452,941,C-F,2024-25
1642273,Kyshawn George,WAS,0.423,927,F,2024-25
1629639,Tyler Herro,MIA,0.485,925,G,2024-25
1630224,Jalen Green,HOU,0.47,925,G,2024-25
1628368,De'Aaron Fox,SAS,0.476,923,G,2024-25
1626164,Devin Booker,PHX,0.493,919,G,2024-25
1630166,Deni Avdija,POR,0.485,913,F,2024-25
1642270,Donovan Clingan,POR,0.429,910,C,2024-25
1627751,Jakob Poeltl,TOR,0.482,910,C,2024-25
1630162,Anthony Edwards,MIN,0.46,906,G,2024-25
1629027,Trae Young,ATL,0.482,901,G,2024-25
1642264,Stephon Castle,SAS,0.478,901,G,2024-25
203944,Julius Randle,MIN,0.46,894,F-C,2024-25
1631165,Keon Ellis,SAC,0.48,886,G,2024-25
202685,Jonas Valančiūnas,SAC,0.528,881,C,2024-25
1630577,Julian Champagnie,SAS,0.479,876,F,2024-25
1630567,Scottie Barnes,TOR,0.457,874,F-G,2024-25
1631108,Max Christie,DAL,0.473,874,G,2024-25
1641744,Zach Edey,MEM,0.471,874,C,2024-25
202699,Tobias Harris,DET,0.474,869,F,2024-25
1630169,Tyrese Haliburton,IND,0.471,868,G,2024-25
1629632,Coby White,CHI,0.495,868,G,2024-25
1629312,Haywood Highsmith,MIA,0.473,856,F,2024-25
1629008,Michael Porter Jr.,DEN,0.482,853,F,2024-25
1628392,Isaiah Hartenstein,OKC,0.464,851,C-F,2024-25
203084,Harrison Barnes,SAS,0.504,851,F,2024-25
1641705,Victor Wembanyama,SAS,0.427,848,F-C,2024-25
203076,Anthony Davis,DAL,0.439,847,F-C,2024-25
201942,DeMar DeRozan,SAC,0.5,846,G-F,2024-25
1628436,Luke Kornet,BOS,0.442,842,C-F,2024-25
1629651,Nic Claxton,BKN,0.498,841,C,2024-25
101108,Chris Paul,SAS,0.486,834,G,2024-25
1629655,Daniel Gafford,DAL,0.456,834,F-C,2024-25
1642267,Bub Carrington,WAS,0.484,834,G,2024-25
1642258,Zaccharie Risacher,ATL,0.496,827,F,2024-25
1629638,Nickeil Alexander-Walker,MIN,0.483,826,G,2024-25
1641718,Keyonte George,UTA,0.507,825,G,2024-25
1630208,Nick Richards,PHX,0.494,817,C,2024-25
1628970,Miles Bridges,CHA,0.424,816,F,2024-25
1629014,Anfernee Simons,POR,0.505,814,G,2024-25
1629636,Darius Garland,CLE,0.466,809,G,2024-25
1626162,Kelly Oubre Jr.,PHI,0.481,807,F-G,2024-25
1641717,Cason Wallace,OKC,0.468,807,G,2024-25
1631097,Bennedict Mathurin,IND,0.5,806,G-F,2024-25
1642271,Kyle Filipowski,UTA,0.525,800,C,2024-25
1630191,Isaiah Stewart,DET,0.432,798,F-C,2024-25
1629023,P.J. Washington,DAL,0.504,796,F,2024-25
1630598,Aaron Wiggins,OKC,0.47,794,G,2024-25
1627824,Guerschon Yabusele,PHI,0.521,793,F,2024-25
201143,Al Horford,BOS,0.452,790,C-F,2024-25
203507,Giannis Antetokounmpo,MIL,0.453,788,F,2024-25
1627741,Buddy Hield,GSW,0.483,787,G,2024-25
1628973,Jalen Brunson,NYK,0.487,782,G,2024-25
1631109,Mark Williams,CHA,0.494,781,C,2024-25
203952,Andrew Wiggins,MIA,0.449,778,F,2024-25
2544,LeBron James,LAL,0.443,776,F,2024-25
1629614,Andrew Nembhard,IND,0.47,775,G-F,2024-25
203471,Dennis Schröder,DET,0.482,774,G,2024-25
1642377,Jaylen Wells,MEM,0.451,771,F,2024-25
201142,Kevin Durant,PHX,0.411,768,F,2024-25
203915,Spencer Dinwiddie,DAL,0.47,762,G,2024-25
201950,Jrue Holiday,BOS,0.445,758,G,2024-25
1629048,Goga Bitadze,ORL,0.45,758,C-F,2024-25
1628976,Wendell Carter Jr.,ORL,0.462,757,C-F,2024-25
1630553,Keon Johnson,BKN,0.511,754,G,2024-25
1629029,Luka Dončić,LAL,0.463,752,F-G,2024-25
1629652,Luguentz Dort,OKC,0.419,750,G,2024-25
203486,Mason Plumlee,PHX,0.505,750,F-C,2024-25
1631260,AJ Green,MIL,0.459,749,G,2024-25
1630558,Davion Mitchell,MIA,0.458,749,G,2024-25
1627752,Taurean Prince,MIL,0.473,748,F,2024-25
1631212,Peyton Watson,DEN,0.44,748,G,2024-25
203501,Tim Hardaway Jr.,DET,0.473,746,G-F,2024-25
1630530,Trey Murphy III,NOP,0.515,745,F,2024-25
1630202,Payton Pritchard,BOS,0.443,740,G,2024-25
1627759,Jaylen Brown,BOS,0.469,737,G-F,2024-25
1641708,Amen Thompson,HOU,0.407,729,G-F,2024-25
1642276,Kel'el Ware,MIA,0.481,728,C,2024-25
1626220,Royce O'Neale,PHX,0.47,726,F,2024-25
1627777,Georges Niang,ATL,0.492,724,F,2024-25
1629656,Quentin Grimes,PHI,0.454,723,G,2024-25
1630583,Santi Aldama,MEM,0.451,723,F-C,2024-25
1627832,Fred VanVleet,HOU,0.461,722,G,2024-25
1641824,Matas Buzelis,CHI,0.459,721,F,2024-25
1642268,Isaiah Collier,UTA,0.508,718,G,2024-25
203468,CJ McCollum,NOP,0.457,717,G,2024-25
1631101,Shaedon Sharpe,POR,0.49,717,G,2024-25
1641710,Anthony Black,ORL,0.452,714,G,2024-25
1627827,Dorian Finney-Smith,LAL,0.448,714,F,2024-25
1628989,Kevin Huerter,CHI,0.443,713,G-F,2024-25
203078,Bradley Beal,PHX,0.47,711,G,2024-25
1629628,RJ Barrett,TOR,0.482,711,F-G,2024-25
1628369,Jayson Tatum,BOS,0.476,710,F-G,2024-25
1628370,Malik Monk,SAC,0.463,709,G,2024-25
1630217,Desmond Bane,ORL,0.434,709,G,2024-25
203081,Damian Lillard,MIL,0.461,707,G,2024-25
1630590,Scotty Pippen Jr.,MEM,0.457,704,G,2024-25
1630230,Naji Marshall,DAL,0.467,703,F,2024-25
1628398,Kyle Kuzma,MIL,0.439,700,F,2024-25
1626145,Tyus Jones,PHX,0.478,699,G,2024-25
1627736,Malik Beasley,DET,0.493,690,G,2024-25
204001,Kristaps Porziņģis,BOS,0.421,682,F-C,2024-25
1629640,Keldon Johnson,SAS,0.49,682,F-G,2024-25
1629060,Rui Hachimura,LAL,0.456,680,F,2024-25
1631114,Jalen Williams,OKC,0.417,677,G-F,2024-25
1630534,Ochai Agbaji,TOR,0.437,675,G,2024-25
1627739,Kris Dunn,LAC,0.433,674,G,2024-25
1630703,Scoot Henderson,POR,0.499,670,G,2024-25
1630592,Jalen Wilson,BKN,0.486,669,F,2024-25
1631110,Jeremy Sochan,SAS,0.462,665,F,2024-25
203484,Kentavious Caldwell-Pope,MEM,0.497,664,G,2024-25
1641731,Bilal Coulibaly,WAS,0.444,662,G,2024-25
201939,Stephen Curry,GSW,0.451,659,G,2024-25
1627884,Derrick Jones Jr.,LAC,0.464,659,F,2024-25
1630182,Josh Green,CHA,0.489,656,G,2024-25
1627747,Caris LeVert,ATL,0.437,650,G,2024-25
1630170,Devin Vassell,SAS,0.498,649,G-F,2024-25
1629645,Kevin Porter Jr.,MIL,0.475,648,G-F,2024-25
1631217,Moussa Diabaté,CHA,0.478,646,F,2024-25
1642346,Ryan Dunn,PHX,0.446,646,F,2024-25
1626172,Kevon Looney,GSW,0.438,644,F,2024-25
1631170,Jaime Jaquez Jr.,MIA,0.414,643,G,2024-25
1626156,D'Angelo Russell,BKN,0.485,641,G,2024-25
1629661,Cameron Johnson,BKN,0.465,637,F,2024-25
1629631,De'Andre Hunter,CLE,0.451,636,F-G,2024-25
1629673,Jordan Poole,WAS,0.522,630,G,2024-25
1630533,Ziaire Williams,BKN,0.475,629,F,2024-25
1628378,Donovan Mitchell,CLE,0.442,629,G,2024-25
202691,Klay Thompson,DAL,0.46,628,G,2024-25
1630178,Tyrese Maxey,PHI,0.454,626,G,2024-25
1630540,Miles McBride,NYK,0.442,626,G,2024-25
1626171,Bobby Portis,MIL,0.449,624,F,2024-25
1631095,Jabari Smith Jr.,HOU,0.473,622,F,2024-25
1630172,Patrick Williams,CHI,0.515,618,F,2024-25
1630551,Justin Champagnie,WAS,0.431,617,G-F,2024-25
1626168,Trey Lyles,SAC,0.489,617,F,2024-25
1641764,Brandin Podziemski,GSW,0.495,616,G,2024-25
1630532,Franz Wagner,ORL,0.476,615,F,2024-25
201144,Mike Conley,MIN,0.484,610,G,2024-25
1630541,Moses Moody,GSW,0.476,607,G,2024-25
1631094,Paolo Banchero,ORL,0.446,606,F,2024-25
1629018,Gary Trent Jr.,MIL,0.493,603,G,2024-25
201566,Russell Westbrook,DEN,0.463,600,G,2024-25
202710,Jimmy Butler III,GSW,0.477,598,F,2024-25
1626179,Terry Rozier,MIA,0.488,596,G,2024-25
1629216,Gabe Vincent,LAL,0.45,596,G,2024-25
1642367,Jonathan Mogbo,TOR,0.468,594,F,2024-25
1629028,Deandre Ayton,POR,0.479,591,C,2024-25
1628380,Zach Collins,CHI,0.442,591,F-C,2024-25
1629130,Duncan Robinson,MIA,0.468,579,F,2024-25
1630167,Obi Toppin,IND,0.499,579,F,2024-25
203932,Aaron Gordon,DEN,0.478,579,F,2024-25
203994,Jusuf Nurkić,CHA,0.472,576,C,2024-25
1630198,Isaiah Joe,OKC,0.462,573,G,2024-25
1641722,Jordan Hawkins,NOP,0.477,572,G,2024-25
1631222,Jake LaRavia,SAC,0.49,571,F,2024-25
1641711,Gradey Dick,TOR,0.499,569,G-F,2024-25
1629622,Max Strus,CLE,0.492,563,G-F,2024-25
1628960,Grayson Allen,PHX,0.473,558,G,2024-25
1642261,Dalton Knecht,LAL,0.491,558,F,2024-25
1629599,Amir Coffey,LAC,0.482,554,G-F,2024-25
1630548,Johnny Juzang,UTA,0.502,552,G,2024-25
202681,Kyrie Irving,DAL,0.463,551,G,2024-25
1630526,Jeremiah Robinson-Earl,NOP,0.46,550,F,2024-25
203992,Bogdan Bogdanović,LAC,0.474,549,G,2024-25
1631106,Tari Eason,HOU,0.442,545,F,2024-25
1630173,Precious Achiuwa,NYK,0.479,545,F,2024-25
1630573,Sam Hauser,BOS,0.502,544,F,2024-25
1641783,Tristan da Silva,ORL,0.455,543,F,2024-25
1641709,Ausar Thompson,DET,0.416,543,G-F,2024-25
1629634,Brandon Clarke,MEM,0.428,542,F,2024-25
1641726,Dereck Lively II,DAL,0.459,538,C,2024-25
1630241,Sam Merrill,CLE,0.435,538,G,2024-25
1628978,Donte DiVincenzo,MIN,0.467,538,G,2024-25
1629637,Jaxson Hayes,LAL,0.441,535,C-F,2024-25
1629660,Ty Jerome,CLE,0.495,533,G-F,2024-25
1628997,Caleb Martin,DAL,0.484,533,F,2024-25
1631107,Nikola Jović,MIA,0.436,530,F,2024-25
203991,Clint Capela,ATL,0.474,529,C,2024-25
1630557,Corey Kispert,WAS,0.462,528,F,2024-25
204456,T.J. McConnell,IND,0.448,525,G,2024-25
1628374,Lauri Markkanen,UTA,0.471,522,F-C,2024-25
1629750,Javonte Green,CLE,0.452,522,G,2024-25
1626181,Norman Powell,LAC,0.494,520,G,2024-25
1631124,Julian Strawther,DEN,0.465,520,G,2024-25
1642347,Jamal Shead,TOR,0.499,519,G,2024-25
1630552,Jalen Johnson,ATL,0.432,518,F,2024-25
1628379,Luke Kennard,MEM,0.456,507,G,2024-25
1629630,Ja Morant,MEM,0.458,506,G,2024-25
1641730,Noah Clowney,BKN,0.461,503,F-C,2024-25
1642345,Oso Ighodaro,PHX,0.463,503,F,2024-25
1629611,Terance Mann,ATL,0.46,502,G-F,2024-25
1629731,Dean Wade,CLE,0.465,499,F-C,2024-25
201587,Nicolas Batum,LAC,0.396,498,G-F,2024-25
1629674,Neemias Queta,BOS,0.459,497,C,2024-25
1641729,Brice Sensabaugh,UTA,0.494,496,F,2024-25
203924,Jerami Grant,POR,0.449,490,F,2024-25
1641737,Adem Bona,PHI,0.459,490,F,2024-25
1642348,Justin Edwards,PHI,0.493,489,F,2024-25
1630188,Jalen Smith,CHI,0.474,487,F-C,2024-25
202331,Paul George,PHI,0.462,487,F,2024-25
1642275,Tidjane Salaün,CHA,0.463,486,F,2024-25
1631213,Tyrese Martin,BKN,0.5,486,F,2024-25
1628998,Cody Martin,PHX,0.478,485,F,2024-25
1627936,Alex Caruso,OKC,0.395,484,G,2024-25
1630245,Ayo Dosunmu,CHI,0.497,483,G,2024-25
1629012,Collin Sexton,UTA,0.473,480,G,2024-25
1630643,Jay Huff,MEM,0.477,478,C,2024-25
1631218,Trayce Jackson-Davis,GSW,0.481,476,F,2024-25
1631096,Chet Holmgren,OKC,0.418,474,C-F,2024-25
1630175,Cole Anthony,MEM,0.475,472,G,2024-25
1630631,Jose Alvarado,NOP,0.438,466,G,2024-25
1628381,John Collins,UTA,0.485,464,F-C,2024-25
203482,Kelly Olynyk,NOP,0.459,460,F-C,2024-25
1630163,LaMelo Ball,CHA,0.497,457,G,2024-25
1641767,Ben Sheppard,IND,0.456,454,G,2024-25
1641733,Nick Smith Jr.,CHA,0.512,453,G,2024-25
1631119,Jaylin Williams,OKC,0.42,452,F,2024-25
1631323,Simone Fontecchio,DET,0.487,450,F,2024-25
1628418,Thomas Bryant,IND,0.492,449,C-F,2024-25
1630249,Vít Krejčí,ATL,0.47,447,G,2024-25
1642262,Cody Williams,UTA,0.483,443,F,2024-25
1631115,Orlando Robinson,TOR,0.443,442,C,2024-25
1630174,Aaron Nesmith,IND,0.434,440,G-F,2024-25
1642266,Ja'Kobe Walter,TOR,0.467,439,G,2024-25
203500,Steven Adams,HOU,0.482,438,C,2024-25
1629234,Drew Eubanks,LAC,0.449,428,F-C,2024-25
1641842,Ronald Holland II,DET,0.469,420,F,2024-25
1641741,Ricky Council IV,PHI,0.462,420,G,2024-25
1631255,Karlo Matković,NOP,0.516,419,F-C,2024-25
1641716,Jarace Walker,IND,0.538,418,F,2024-25
1627732,Ben Simmons,LAC,0.463,415,G-F,2024-25
1630549,Day'Ron Sharpe,BKN,0.462,413,C,2024-25
1630625,Dalano Banton,POR,0.444,410,F,2024-25
1628371,Jonathan Isaac,ORL,0.478,410,F,2024-25
1627749,Dejounte Murray,NOP,0.514,405,G,2024-25
1630215,Jared Butler,PHI,0.447,398,G,2024-25
1641763,Julian Phillips,CHI,0.468,395,F,2024-25
203937,Kyle Anderson,MIA,0.459,392,F-G,2024-25
1629610,DaQuan Jeffries,CHA,0.436,390,G-F,2024-25
203083,Andre Drummond,PHI,0.526,388,C,2024-25
1630171,Isaac Okoro,CLE,0.423,388,F-G,2024-25
1642366,Quinten Post,GSW,0.457,381,C,2024-25
1631207,Dalen Terry,CHI,0.418,378,F,2024-25
1630527,Brandon Boston,NOP,0.519,376,G,2024-25
202695,Kawhi Leonard,LAC,0.481,374,F,2024-25
1630228,Jonathan Kuminga,GSW,0.44,373,F,2024-25
1630591,Jalen Suggs,ORL,0.454,372,G,2024-25
1630570,Trendon Watford,BKN,0.456,371,G-F,2024-25
1641748,Andre Jackson Jr.,MIL,0.477,371,G,2024-25
1630695,Micah Potter,UTA,0.437,366,C,2024-25
1641796,Pelle Larsson,MIA,0.481,366,G,2024-25
1629026,Kenrich Williams,OKC,0.448,355,G-F,2024-25
1628467,Maxi Kleber,LAL,0.497,352,F,2024-25
1630611,Gui Santos,GSW,0.466,352,F,2024-25
1642419,Jamison Battle,TOR,0.456,351,F,2024-25
1630572,Sandro Mamukelashvili,SAS,0.481,351,F-C,2024-25
1631200,Kris Murray,POR,0.462,346,F,2024-25
1630192,Zeke Nnaji,DEN,0.426,340,F-C,2024-25
1641706,Brandon Miller,CHA,0.462,338,F,2024-25
1642354,KJ Simpson,CHA,0.528,335,G,2024-25
203939,Dwight Powell,DAL,0.49,335,F-C,2024-25
1628449,Chris Boucher,TOR,0.478,335,F,2024-25
1628971,Bruce Brown,NOP,0.503,334,G-F,2024-25
1627780,Gary Payton II,GSW,0.477,333,G,2024-25
1626166,Cameron Payne,NYK,0.462,331,G,2024-25
1628988,Aaron Holiday,HOU,0.419,329,G,2024-25
203903,Jordan Clarkson,UTA,0.498,329,G,2024-25
1630200,Tre Jones,CHI,0.497,324,G,2024-25
1630231,KJ Martin,UTA,0.433,323,F,2024-25
1628366,Lonzo Ball,CHI,0.461,321,G,2024-25
1631093,Jaden Ivey,DET,0.481,320,G,2024-25
203114,Khris Middleton,WAS,0.475,318,F,2024-25
201599,DeAndre Jordan,DEN,0.421,316,C,2024-25
203552,Seth Curry,CHA,0.486,311,G,2024-25
1642263,Reed Sheppard,HOU,0.469,307,G,2024-25
1629659,Talen Horton-Tucker,CHI,0.425,306,G,2024-25
1630193,Immanuel Quickley,TOR,0.49,306,G,2024-25
1629627,Zion Williamson,NOP,0.431,304,F,2024-25
1641774,Tristan Vukcevic,WAS,0.517,302,F,2024-25
1630556,Kessler Edwards,DAL,0.51,302,F,2024-25
203954,Joel Embiid,PHI,0.472,301,C-F,2024-25
202692,Alec Burks,MIA,0.439,294,G,2024-25
1629013,Landry Shamet,NYK,0.522,293,G,2024-25
1631204,Marcus Sasser,DET,0.416,293,G,2024-25
1631157,Ryan Rollins,MIL,0.436,289,G,2024-25
1630560,Cam Thomas,BKN,0.5,288,G,2024-25
1630322,Lindy Waters III,DET,0.5,288,F,2024-25
1630579,Jericho Sims,MIL,0.433,284,C,2024-25
1628464,Daniel Theis,NOP,0.491,283,F-C,2024-25
1631133,Jabari Walker,POR,0.45,282,F,2024-25
1629726,Garrison Mathews,ATL,0.507,280,G,2024-25
1629111,Jock Landale,HOU,0.509,279,C,2024-25
1630702,Jaden Hardy,DAL,0.475,278,G,2024-25
1629004,Svi Mykhailiuk,UTA,0.509,277,G-F,2024-25
1626192,Pat Connaughton,MIL,0.494,271,G,2024-25
1641765,Olivier-Maxence Prosper,DAL,0.446,267,F,2024-25
1629003,Shake Milton,LAL,0.513,265,G,2024-25
1642358,AJ Johnson,WAS,0.45,260,G,2024-25
1626158,Richaun Holmes,WAS,0.456,259,F,2024-25
1641871,Duop Reath,POR,0.506,257,C,2024-25
203995,Vasilije Micic,PHX,0.462,253,G,2024-25
1629684,Grant Williams,CHA,0.474,253,F,2024-25
1629723,John Konchar,MEM,0.466,253,G,2024-25
1642272,Jared McCain,PHI,0.51,251,G,2024-25
202709,Cory Joseph,ORL,0.492,248,G,2024-25
1630539,Kai Jones,DAL,0.478,247,C-F,2024-25
1626153,Delon Wright,NYK,0.445,245,G,2024-25
1641787,Tosan Evbuomwan,BKN,0.459,244,F,2024-25
1629646,Charles Bassey,SAS,0.449,243,C-F,2024-25
200768,Kyle Lowry,PHI,0.502,243,G,2024-25
203914,Gary Harris,ORL,0.426,242,G,2024-25
202687,Bismack Biyombo,SAS,0.483,240,C,2024-25
1630194,Paul Reed,DET,0.483,238,F,2024-25
1628964,Mo Bamba,NOP,0.443,237,C,2024-25
1629021,Moritz Wagner,ORL,0.513,236,F-C,2024-25
1630529,Herbert Jones,NOP,0.5,236,F,2024-25
1629618,Jalen Pickett,DEN,0.386,236,G,2024-25
1631104,Blake Wesley,SAS,0.485,235,G,2024-25
1629020,Jarred Vanderbilt,LAL,0.47,232,F,2024-25
1631216,Caleb Houstan,ORL,0.485,229,G,2024-25
1641715,Cam Whitmore,HOU,0.439,228,F,2024-25
1641854,Craig Porter Jr.,CLE,0.471,225,G,2024-25
203935,Marcus Smart,WAS,0.427,218,G,2024-25
1629006,Josh Okogie,CHA,0.436,218,G,2024-25
1630658,Colin Castleton,TOR,0.444,216,C,2024-25
1641724,Jett Howard,ORL,0.431,216,G,2024-25
1626204,Larry Nance Jr.,ATL,0.519,216,F-C,2024-25
1627763,Malcolm Brogdon,WAS,0.512,215,G,2024-25
1631230,Dominick Barlow,ATL,0.483,211,F,2024-25
1630692,Jordan Goodwin,LAL,0.519,210,G,2024-25
1631288,Jamal Cain,NOP,0.414,210,F,2024-25
1629626,Bol Bol,PHX,0.481,210,C-F,2024-25
1630256,Jae'Sean Tate,HOU,0.392,209,F,2024-25
1642281,Jaylon Tyson,CLE,0.409,208,G-F,2024-25
1629629,Cam Reddish,LAL,0.452,208,F-G,2024-25
1630288,Jeff Dowtin Jr.,PHI,0.476,206,G,2024-25
1631243,Mouhamed Gueye,ATL,0.447,206,F,2024-25
1641794,Dillon Jones,OKC,0.422,204,F,2024-25
203458,Alex Len,LAL,0.507,203,C,2024-25
1642349,Ajay Mitchell,OKC,0.431,202,G,2024-25
201569,Eric Gordon,PHI,0.48,202,G,2024-25
1631221,Collin Gillespie,PHX,0.515,198,G,2024-25
1628420,Monte Morris,PHX,0.424,198,G,2024-25
201959,Taj Gibson,CHA,0.364,198,F,2024-25
1630314,Brandon Williams,DAL,0.485,196,G,2024-25
1641740,Jaylen Clark,MIN,0.458,192,G,2024-25
1641732,Colby Jones,WAS,0.469,192,G,2024-25
1630811,Keaton Wallace,ATL,0.453,190,G,2024-25
1641998,Trey Jemison III,LAL,0.455,189,C,2024-25
202684,Tristan Thompson,CLE,0.427,185,C-F,2024-25
1641810,Antonio Reeves,NOP,0.519,185,G,2024-25
1642265,Rob Dillingham,MIN,0.432,185,G,2024-25
1631246,Vince Williams Jr.,MEM,0.536,183,G,2024-25
1631223,David Roddy,HOU,0.453,181,F,2024-25
1627742,Brandon Ingram,TOR,0.525,179,F,2024-25
203901,Elfrid Payton,NOP,0.41,178,G,2024-25
1641713,GG Jackson,MEM,0.483,178,F,2024-25
1631172,Ousmane Dieng,OKC,0.426,176,F,2024-25
1641816,Hunter Tyson,DEN,0.483,176,F,2024-25
1631111,Wendell Moore Jr.,CHA,0.5,172,G,2024-25
1641878,Damion Baugh,CHA,0.544,171,G,2024-25
1629057,Robert Williams III,POR,0.355,169,C-F,2024-25
1631245,Quenton Jackson,IND,0.518,168,G,2024-25
1630243,Trevelin Queen,ORL,0.494,168,G,2024-25
1629022,Lonnie Walker IV,PHI,0.521,165,G-F,2024-25
1630639,A.J. Lawson,TOR,0.457,164,G,2024-25
1631132,Christian Koloko,LAL,0.438,162,C,2024-25
1642024,Alex Reese,PHI,0.522,157,F-C,2024-25
1641712,Rayan Rupert,POR,0.389,157,G-F,2024-25
1628963,Marvin Bagley III,MEM,0.387,155,F,2024-25
201145,Jeff Green,HOU,0.506,154,F,2024-25
202704,Reggie Jackson,PHI,0.516,153,G,2024-25
1642277,Johnny Furphy,IND,0.464,153,G,2024-25
1641757,Jordan Miller,LAC,0.536,151,G,2024-25
1642403,Isaac Jones,SAC,0.456,149,F,2024-25
1631131,Oscar Tshiebwe,UTA,0.514,148,F-C,2024-25
1628470,Torrey Craig,BOS,0.404,146,F,2024-25
1631248,Baylor Scheierman,BOS,0.413,143,G,2024-25
1642382,Branden Carlson,OKC,0.378,143,C,2024-25
1630264,Anthony Gill,WAS,0.514,142,F,2024-25
203926,Doug McDermott,SAC,0.444,142,F,2024-25
203957,Danté Exum,DAL,0.528,142,G,2024-25
1641775,Jordan Walsh,BOS,0.482,141,G,2024-25
1641736,Reece Beekman,BKN,0.486,140,G,2024-25
1642269,Devin Carter,SAC,0.526,135,G,2024-25
1628975,Jevon Carter,CHI,0.478,134,G,2024-25
1630574,Ariel Hukporti,NYK,0.427,131,C,2024-25
1631232,Keion Brooks Jr.,NOP,0.569,130,F,2024-25
1629011,Mitchell Robinson,NYK,0.461,128,C-F,2024-25
1630568,Luka Garza,MIN,0.532,126,C,2024-25
1631103,Malaki Branham,SAS,0.4,125,F,2024-25
1630696,Dru Smith,MIA,0.437,119,G,2024-25
1630544,Tre Mann,CHA,0.437,119,G,2024-25
1641720,Jalen Hood-Schifino,PHI,0.462,119,G,2024-25
201988,Patty Mills,LAC,0.47,117,G,2024-25
1631166,Drew Timme,BKN,0.487,115,F,2024-25
1641721,Maxwell Lewis,BKN,0.504,115,F,2024-25
1631169,Josh Minott,MIN,0.469,113,F,2024-25
203967,Dario Šarić,DEN,0.514,111,F-C,2024-25
201567,Kevin Love,MIA,0.518,110,F-C,2024-25
1630214,Xavier Tillman,BOS,0.527,110,F,2024-25
1629162,Jordan McLaughlin,SAS,0.486,107,G,2024-25
1630545,Terrence Shannon Jr.,MIN,0.485,103,G-F,2024-25
1630542,Marcus Bagley,PHI,0.396,101,F,2024-25
1630283,Kylor Kelley,LAL,0.49,100,C,2024-25
1642278,Tyler Kolek,NYK,0.515,99,G,2024-25
1641798,Jaylen Martin,WAS,0.495,97,G,2024-25
1630531,Jaden Springer,UTA,0.484,95,G,2024-25
1629680,Matisse Thybulle,POR,0.463,95,G-F,2024-25
1631197,Jared Rhoden,TOR,0.532,94,G,2024-25
1641738,Kobe Brown,LAC,0.532,94,F,2024-25
1630550,JT Thor,WAS,0.402,92,F,2024-25
202066,Garrett Temple,TOR,0.473,91,G-F,2024-25
1631098,Johnny Davis,WAS,0.425,87,G,2024-25
1629643,Chuma Okeke,CLE,0.57,86,F,2024-25
1641727,Dariq Whitehead,BKN,0.453,86,G-F,2024-25
1630311,Pat Spencer,GSW,0.53,83,G,2024-25
1630538,Bones Hyland,MIN,0.494,83,G,2024-25
1642402,Enrique Freeman,IND,0.463,80,F,2024-25
1629650,Moses Brown,DAL,0.449,78,C,2024-25
1631250,Pete Nance,MIL,0.553,76,F,2024-25
1642285,Cam Spencer,MEM,0.52,75,G,2024-25
1641745,Adam Flagler,OKC,0.411,73,G,2024-25
1642355,Bronny James,LAL,0.458,72,G,2024-25
1631209,Isaiah Wong,CHA,0.451,71,G,2024-25
1628981,Bruno Fernando,TOR,0.471,70,F-C,2024-25
1631311,Lester Quinones,NOP,0.42,69,G,2024-25
1631306,Cole Swider,IND,0.391,69,F,2024-25
1630205,Lamar Stevens,MEM,0.5,68,F,2024-25
202693,Markieff Morris,LAL,0.485,68,F,2024-25
1641809,Drew Peterson,BOS,0.339,62,F,2024-25
1628365,Markelle Fultz,SAC,0.426,61,G,2024-25
1630699,MarJon Beauchamp,NYK,0.328,61,F,2024-25
1628396,Tony Bradley,IND,0.417,60,C-F,2024-25
1629052,Oshae Brissett,PHI,0.542,59,F-G,2024-25
1629669,Jaylen Nowell,WAS,0.509,57,G,2024-25
1627814,Damion Lee,PHX,0.446,56,G-F,2024-25
1631466,Nate Williams,HOU,0.527,55,G,2024-25
1630165,Killian Hayes,BKN,0.5,54,G,2024-25
1626196,Josh Richardson,MIA,0.667,51,G,2024-25
1641989,Elijah Harkless,UTA,0.5,50,G,2024-25
1641723,Kobe Bufkin,ATL,0.327,49,G,2024-25
1631303,Justin Minaya,POR,0.521,48,F,2024-25
1641753,Chris Livingston,MIL,0.479,48,F,2024-25
1628427,Vlatko Čančar,DEN,0.383,47,F,2024-25
1630543,Isaiah Jackson,IND,0.413,46,F,2024-25
1642352,Keshad Johnson,MIA,0.37,46,F,2024-25
1630537,Chris Duarte,CHI,0.4,45,G,2024-25
1642359,Pacôme Dadiet,NYK,0.511,45,F,2024-25
1641890,Tyler Smith,MIL,0.364,44,F,2024-25
1629001,De'Anthony Melton,BKN,0.429,42,G,2024-25
1642505,Alex Ducas,OKC,0.525,40,G,2024-25
1631247,Luke Travers,CLE,0.526,38,F,2024-25
1641725,Trey Alexander,DEN,0.459,37,G,2024-25
1628995,Kevin Knox II,GSW,0.432,37,F,2024-25
1630623,Tyson Etienne,BKN,0.541,37,G,2024-25
1631301,Jaylen Sims,CHA,0.297,37,G,2024-25
1630649,Stanley Umude,MIL,0.486,37,G,2024-25
1641707,Taylor Hendricks,UTA,0.417,36,F,2024-25
1631102,TyTy Washington Jr.,PHX,0.353,34,G,2024-25
203109,Jae Crowder,SAC,0.588,34,F,2024-25
1642461,Spencer Jones,DEN,0.303,33,F,2024-25
1630585,Marcus Garrett,CHA,0.273,33,G,2024-25
1631210,Jacob Toppin,ATL,0.394,33,F,2024-25
1642530,Yuki Kawamura,MEM,0.625,32,G,2024-25
1642484,RayJ Dennis,IND,0.531,32,G,2024-25
1641790,PJ Hall,DEN,0.25,32,C,2024-25
1642368,N'Faly Dante,HOU,0.5,32,C,2024-25
204060,Joe Ingles,MIN,0.323,31,F-G,2024-25
1631342,Daeqwon Plowden,ATL,0.5,30,G-F,2024-25
1631116,Patrick Baldwin Jr.,LAC,0.483,29,F,2024-25
1631321,Sidy Cissoko,POR,0.607,28,G,2024-25
1630604,E.J. Liddell,CHI,0.538,26,F,2024-25
1641772,Nae'Qwan Tomlin,CLE,0.4,25,F,2024-25
1631123,Jamaree Bouyea,MIL,0.458,24,G,2024-25
1630346,Matt Ryan,NOP,0.5,24,F,2024-25
1641734,Emoni Bates,CLE,0.391,23,F,2024-25
1630528,Josh Christopher,MIA,0.348,23,G,2024-25
1641789,Jazian Gortman,DAL,0.565,23,G,2024-25
1642422,Armel Traore,LAL,0.522,23,F,2024-25
200782,P.J. Tucker,NYK,0.636,22,F,2024-25
1629098,Jack McVeigh,HOU,0.455,22,G-F,2024-25
1631120,JD Davison,BOS,0.318,22,G,2024-25
1630201,Malachi Flynn,SAS,0.429,21,G,2024-25
1642279,Ulrich Chomche,TOR,0.789,19,C,2024-25
1641857,Liam Robbins,MIL,0.474,19,C,2024-25
1642353,Cam Christie,LAC,0.353,17,G,2024-25
1642449,Tolu Smith,DET,0.471,17,F,2024-25
1630600,Isaiah Mobley,PHI,0.529,17,F,2024-25
1630762,Phillip Wheeler,PHI,0.467,15,F,2024-25
1631121,Bryce McGowens,POR,0.571,14,G,2024-25
1642384,Isaiah Crawford,SAC,0.357,14,F,2024-25
1642050,Jackson Rowe,GSW,0.357,14,F,2024-25
1630561,David Duke Jr.,SAS,0.385,13,G,2024-25
201949,James Johnson,IND,0.385,13,F,2024-25
1630222,Mason Jones,SAC,0.5,12,G,2024-25
1641766,Adama Sanogo,CHI,0.417,12,F,2024-25
1641752,Bobi Klintman,DET,0.6,10,F,2024-25
1642280,Trentyn Flowers,LAC,0.5,10,F,2024-25
1641755,Kevin McCullar Jr.,NYK,0.7,10,G,2024-25
1631159,Leonard Miller,MIN,0.444,9,F,2024-25
1628408,PJ Dozier,MIN,0.444,9,G-F,2024-25
1642443,Jahmir Young,CHI,0.889,9,G,2024-25
1641803,Tristen Newton,MIN,0.375,8,G,2024-25
1642450,Daniss Jenkins,DET,0.5,8,G,2024-25
1631127,Harrison Ingram,SAS,0.625,8,F,2024-25
1630618,D.J. Carton,TOR,0.625,8,G,2024-25
1631386,Taze Moore,POR,0.143,7,G,2024-25
1642502,Malevy Leons,OKC,0.571,7,F,2024-25
1641817,Anton Watson,NYK,0.571,7,F,2024-25
1641936,Miles Norris,BOS,0.167,6,F,2024-25
1641801,Emanuel Miller,CHI,0.5,6,F,2024-25
1630164,James Wiseman,IND,0.667,6,C,2024-25
1641779,Jalen Bridges,PHX,0.2,5,F,2024-25
1629056,Terence Davis,SAC,0.4,5,G,2024-25
1642385,Cui Cui,BKN,0.5,4,F,2024-25
1641879,Yuri Collins,GSW,0.75,4,G,2024-25
1626143,Jahlil Okafor,IND,0.0,3,C-F,2024-25
1630296,Braxton Key,GSW,1.0,3,F,2024-25
1642439,Quincy Olivari,LAL,0.667,3,G,2024-25
1630227,Daishen Nix,MIN,0.333,3,G,2024-25
1629667,Jalen McDaniels,SAC,0.0,3,F,2024-25
1631214,Alondes Williams,LAC,0.0,3,G,2024-25
1642389,Zyon Pullin,MEM,0.5,2,G,2024-25
1642399,Jesse Edwards,MIN,1.0,2,C,2024-25
1642434,Riley Minix,SAS,0.0,2,F,2024-25
1631199,Ron Harper Jr.,DET,0.0,2,G-F,2024-25
1630644,Mac McClung,ORL,0.5,2,G,2024-25
1627746,Skal Labissiere,SAC,1.0,1,F-C,2024-25
1630678,Terry Taylor,SAC,0.0,1,F,2024-25
