player_name,season,GAME_DATE,MATCHUP,MIN,PTS,REB,AST,STL,BLK,TOV,FGM,FGA,FG3M,FG3A,FTM,FTA
Nikola Jokic,2023-24,"Apr 14, 2024",DEN @ MEM,31,15,15,5,4,0,4,7,11,0,0,1,2
Nikola Jokic,2023-24,"Apr 12, 2024",DEN @ SAS,39,22,7,12,2,1,3,9,13,1,2,3,3
Nikola Jokic,2023-24,"Apr 10, 2024",DEN vs. MIN,38,41,11,7,3,0,2,16,20,2,2,7,12
Nikola Jokic,2023-24,"Apr 09, 2024",DEN @ UTA,34,28,13,7,3,1,5,12,20,2,2,2,2
Nikola Jokic,2023-24,"Apr 06, 2024",DEN vs. ATL,31,19,14,11,2,0,4,6,13,2,3,5,6
Nikola Jokic,2023-24,"Apr 04, 2024",DEN @ LAC,40,36,17,10,0,0,5,14,24,3,8,5,6
Nikola Jokic,2023-24,"Apr 02, 2024",DEN vs. SAS,38,42,16,6,1,2,4,18,32,1,6,5,6
Nikola Jokic,2023-24,"Mar 31, 2024",DEN vs. CLE,35,26,18,16,1,0,3,11,18,1,2,3,5
Nikola Jokic,2023-24,"Mar 29, 2024",DEN vs. MIN,37,32,10,5,2,1,4,11,24,0,3,10,13
Nikola Jokic,2023-24,"Mar 27, 2024",DEN vs. PHX,42,22,9,10,2,1,1,9,16,1,5,3,3
Nikola Jokic,2023-24,"Mar 25, 2024",DEN vs. MEM,31,29,11,8,3,1,4,11,18,1,2,6,7
Nikola Jokic,2023-24,"Mar 21, 2024",DEN vs. NYK,39,30,14,11,1,0,1,12,23,0,1,6,7
Nikola Jokic,2023-24,"Mar 19, 2024",DEN @ MIN,38,35,16,2,0,0,3,14,22,3,4,4,6
Nikola Jokic,2023-24,"Mar 17, 2024",DEN @ DAL,39,16,11,7,2,0,3,6,16,0,2,4,5
Nikola Jokic,2023-24,"Mar 15, 2024",DEN @ SAS,31,31,7,5,0,2,3,13,19,1,3,4,4
Nikola Jokic,2023-24,"Mar 13, 2024",DEN @ MIA,38,12,14,6,1,0,4,5,8,0,0,2,3
Nikola Jokic,2023-24,"Mar 11, 2024",DEN vs. TOR,38,35,17,12,6,2,2,14,26,1,3,6,6
Nikola Jokic,2023-24,"Mar 09, 2024",DEN vs. UTA,32,26,6,8,1,2,3,12,14,0,0,2,2
Nikola Jokic,2023-24,"Mar 07, 2024",DEN vs. BOS,39,32,12,11,2,0,0,11,19,0,0,10,10
Nikola Jokic,2023-24,"Mar 05, 2024",DEN vs. PHX,44,25,16,5,0,0,7,8,18,4,7,5,7
Nikola Jokic,2023-24,"Mar 02, 2024",DEN @ LAL,39,35,10,7,0,1,3,16,25,1,5,2,2
Nikola Jokic,2023-24,"Feb 29, 2024",DEN vs. MIA,38,18,11,7,1,2,4,6,15,0,3,6,6
Nikola Jokic,2023-24,"Feb 28, 2024",DEN vs. SAC,32,14,14,11,3,1,2,5,9,0,0,4,4
Nikola Jokic,2023-24,"Feb 25, 2024",DEN @ GSW,37,32,16,16,4,1,2,13,24,2,6,4,4
Nikola Jokic,2023-24,"Feb 23, 2024",DEN @ POR,35,29,15,14,2,1,2,12,17,1,3,4,5
Nikola Jokic,2023-24,"Feb 22, 2024",DEN vs. WAS,31,21,19,15,1,0,3,10,10,0,0,1,2
Nikola Jokic,2023-24,"Feb 14, 2024",DEN vs. SAC,39,15,5,8,0,1,0,6,17,0,6,3,4
Nikola Jokic,2023-24,"Feb 12, 2024",DEN @ MIL,32,29,12,8,0,0,5,13,25,2,5,1,3
Nikola Jokic,2023-24,"Feb 09, 2024",DEN @ SAC,30,23,8,7,3,0,1,9,17,1,1,4,5
Nikola Jokic,2023-24,"Feb 08, 2024",DEN @ LAL,36,24,13,9,0,3,6,9,20,2,6,4,4
Nikola Jokic,2023-24,"Feb 04, 2024",DEN vs. POR,34,29,8,7,2,0,2,12,20,1,3,4,5
Nikola Jokic,2023-24,"Feb 02, 2024",DEN vs. POR,38,27,22,12,1,2,4,11,16,1,1,4,4
Nikola Jokic,2023-24,"Jan 29, 2024",DEN vs. MIL,40,25,16,12,3,2,3,10,25,1,6,4,5
Nikola Jokic,2023-24,"Jan 27, 2024",DEN vs. PHI,37,26,16,7,2,0,3,8,16,0,1,10,16
Nikola Jokic,2023-24,"Jan 25, 2024",DEN @ NYK,27,31,11,3,0,0,7,13,18,2,3,3,3
Nikola Jokic,2023-24,"Jan 23, 2024",DEN @ IND,37,31,13,10,0,1,1,13,19,3,4,2,2
Nikola Jokic,2023-24,"Jan 21, 2024",DEN @ WAS,36,42,12,8,2,2,0,15,20,0,0,12,14
Nikola Jokic,2023-24,"Jan 19, 2024",DEN @ BOS,38,34,12,9,0,0,4,14,22,2,4,4,4
Nikola Jokic,2023-24,"Jan 16, 2024",DEN @ PHI,38,25,19,3,1,1,4,11,20,0,2,3,4
Nikola Jokic,2023-24,"Jan 14, 2024",DEN vs. IND,33,25,12,9,2,1,7,12,13,0,0,1,2
Nikola Jokic,2023-24,"Jan 12, 2024",DEN vs. NOP,32,27,10,14,0,1,2,11,17,1,2,4,4
Nikola Jokic,2023-24,"Jan 10, 2024",DEN @ UTA,30,27,11,6,1,0,6,8,9,1,1,10,12
Nikola Jokic,2023-24,"Jan 07, 2024",DEN vs. DET,25,4,7,16,0,5,2,2,3,0,0,0,0
Nikola Jokic,2023-24,"Jan 05, 2024",DEN vs. ORL,37,29,4,8,3,0,2,13,19,0,1,3,4
Nikola Jokic,2023-24,"Jan 04, 2024",DEN @ GSW,38,34,9,10,2,1,4,13,16,2,2,6,7
Nikola Jokic,2023-24,"Jan 01, 2024",DEN vs. CHA,28,13,11,6,1,1,3,6,7,0,0,1,1
Nikola Jokic,2023-24,"Dec 29, 2023",DEN vs. OKC,32,19,10,7,1,1,7,9,10,1,1,0,0
Nikola Jokic,2023-24,"Dec 28, 2023",DEN vs. MEM,30,26,14,10,0,2,3,11,11,1,1,3,3
Nikola Jokic,2023-24,"Dec 25, 2023",DEN vs. GSW,39,26,14,8,0,0,3,4,12,0,2,18,18
Nikola Jokic,2023-24,"Dec 23, 2023",DEN @ CHA,36,18,10,9,1,1,3,8,14,0,2,2,2
Nikola Jokic,2023-24,"Dec 22, 2023",DEN @ BKN,34,31,11,7,3,2,0,12,17,2,2,5,5
Nikola Jokic,2023-24,"Dec 20, 2023",DEN @ TOR,38,31,15,6,0,2,2,13,23,3,5,2,3
Nikola Jokic,2023-24,"Dec 18, 2023",DEN vs. DAL,28,8,9,7,2,0,2,3,8,0,1,2,2
Nikola Jokic,2023-24,"Dec 16, 2023",DEN vs. OKC,37,24,6,12,2,0,3,8,15,1,2,7,8
Nikola Jokic,2023-24,"Dec 14, 2023",DEN vs. BKN,30,26,14,10,1,0,1,8,12,0,2,10,12
Nikola Jokic,2023-24,"Dec 12, 2023",DEN @ CHI,16,4,9,6,0,0,0,2,5,0,0,0,0
Nikola Jokic,2023-24,"Dec 11, 2023",DEN @ ATL,36,25,8,9,3,2,1,9,13,1,1,6,7
Nikola Jokic,2023-24,"Dec 08, 2023",DEN vs. HOU,34,23,16,5,0,2,3,9,26,1,2,4,7
Nikola Jokic,2023-24,"Dec 06, 2023",DEN @ LAC,37,22,15,10,1,0,4,9,32,2,7,2,2
Nikola Jokic,2023-24,"Dec 02, 2023",DEN @ SAC,38,36,13,14,2,1,0,13,23,1,4,9,12
Nikola Jokic,2023-24,"Dec 01, 2023",DEN @ PHX,35,21,5,16,1,2,3,9,18,0,3,3,6
Nikola Jokic,2023-24,"Nov 29, 2023",DEN vs. HOU,33,32,10,15,1,0,0,12,19,1,2,7,8
Nikola Jokic,2023-24,"Nov 26, 2023",DEN vs. SAS,34,39,11,9,1,0,5,17,29,0,0,5,5
Nikola Jokic,2023-24,"Nov 24, 2023",DEN @ HOU,42,38,19,8,3,0,3,14,31,3,8,7,11
Nikola Jokic,2023-24,"Nov 22, 2023",DEN @ ORL,36,30,13,12,3,2,1,12,18,1,2,5,5
Nikola Jokic,2023-24,"Nov 20, 2023",DEN @ DET,15,9,5,5,0,1,1,4,8,1,4,0,0
Nikola Jokic,2023-24,"Nov 19, 2023",DEN @ CLE,28,18,10,7,1,1,3,8,13,0,0,2,5
Nikola Jokic,2023-24,"Nov 17, 2023",DEN @ NOP,36,26,16,18,1,1,4,10,20,1,8,5,5
Nikola Jokic,2023-24,"Nov 14, 2023",DEN vs. LAC,36,32,16,9,1,0,4,8,23,2,7,14,14
Nikola Jokic,2023-24,"Nov 12, 2023",DEN @ HOU,38,36,21,11,0,1,3,13,26,2,6,8,8
Nikola Jokic,2023-24,"Nov 08, 2023",DEN vs. GSW,37,35,13,5,3,1,3,14,25,1,8,6,10
Nikola Jokic,2023-24,"Nov 06, 2023",DEN vs. NOP,36,35,14,12,1,1,2,15,24,2,6,3,5
Nikola Jokic,2023-24,"Nov 04, 2023",DEN vs. CHI,33,28,16,9,3,0,1,9,16,1,3,9,9
Nikola Jokic,2023-24,"Nov 03, 2023",DEN vs. DAL,36,33,14,9,1,1,4,14,16,2,2,3,5
Nikola Jokic,2023-24,"Nov 01, 2023",DEN @ MIN,30,25,10,3,0,0,5,11,23,1,6,2,2
Nikola Jokic,2023-24,"Oct 30, 2023",DEN vs. UTA,35,27,10,11,0,2,1,12,16,1,3,2,5
Nikola Jokic,2023-24,"Oct 29, 2023",DEN @ OKC,30,28,14,5,0,0,4,12,16,1,2,3,3
Nikola Jokic,2023-24,"Oct 27, 2023",DEN @ MEM,35,22,12,7,1,1,9,8,14,1,4,5,6
Nikola Jokic,2023-24,"Oct 24, 2023",DEN vs. LAL,36,29,13,11,1,1,2,12,22,3,5,2,4
Nikola Jokic,2024-25,"Apr 13, 2025",DEN @ HOU,31,18,7,7,2,1,1,7,10,3,5,1,2
Nikola Jokic,2024-25,"Apr 11, 2025",DEN vs. MEM,41,26,16,13,2,0,5,11,19,1,2,3,7
Nikola Jokic,2024-25,"Apr 09, 2025",DEN @ SAC,38,20,12,11,4,0,1,5,12,0,1,10,10
Nikola Jokic,2024-25,"Apr 06, 2025",DEN vs. IND,39,41,15,13,2,1,4,18,33,3,11,2,3
Nikola Jokic,2024-25,"Apr 04, 2025",DEN @ GSW,37,33,12,9,2,0,6,13,17,4,7,3,3
Nikola Jokic,2024-25,"Apr 01, 2025",DEN vs. MIN,53,61,10,10,2,0,4,18,29,6,11,19,24
Nikola Jokic,2024-25,"Mar 28, 2025",DEN vs. UTA,32,27,14,6,4,0,3,8,18,1,5,10,12
Nikola Jokic,2024-25,"Mar 26, 2025",DEN vs. MIL,38,39,10,10,0,0,3,16,25,3,6,4,7
Nikola Jokic,2024-25,"Mar 15, 2025",DEN vs. WAS,39,40,13,9,1,2,3,16,30,1,8,7,7
Nikola Jokic,2024-25,"Mar 14, 2025",DEN vs. LAL,38,28,7,5,3,1,4,8,16,0,4,12,17
Nikola Jokic,2024-25,"Mar 12, 2025",DEN vs. MIN,38,34,8,4,1,0,3,13,23,2,6,6,8
Nikola Jokic,2024-25,"Mar 10, 2025",DEN @ OKC,40,35,18,8,1,1,1,15,20,1,2,4,5
Nikola Jokic,2024-25,"Mar 09, 2025",DEN @ OKC,41,24,13,9,1,3,2,10,23,2,10,2,6
Nikola Jokic,2024-25,"Mar 07, 2025",DEN vs. PHX,45,31,21,22,3,0,4,13,22,3,7,2,3
Nikola Jokic,2024-25,"Mar 05, 2025",DEN vs. SAC,38,22,15,6,1,0,7,9,18,0,2,4,6
Nikola Jokic,2024-25,"Mar 02, 2025",DEN @ BOS,39,20,14,9,2,0,2,9,15,2,3,0,0
Nikola Jokic,2024-25,"Feb 28, 2025",DEN @ DET,34,23,17,15,1,2,7,6,12,0,3,11,12
Nikola Jokic,2024-25,"Feb 27, 2025",DEN @ MIL,38,32,14,10,1,0,5,13,16,1,2,5,7
Nikola Jokic,2024-25,"Feb 24, 2025",DEN @ IND,39,18,9,19,3,1,4,9,14,0,1,0,0
Nikola Jokic,2024-25,"Feb 22, 2025",DEN vs. LAL,35,12,13,10,1,0,6,2,7,0,1,8,10
Nikola Jokic,2024-25,"Feb 20, 2025",DEN vs. CHA,37,29,17,9,1,1,2,11,22,6,14,1,2
Nikola Jokic,2024-25,"Feb 12, 2025",DEN vs. POR,36,26,15,10,2,0,4,11,20,0,3,4,4
Nikola Jokic,2024-25,"Feb 10, 2025",DEN vs. POR,31,40,7,8,3,1,5,15,22,2,7,8,8
Nikola Jokic,2024-25,"Feb 08, 2025",DEN @ PHX,29,26,11,9,0,0,2,11,13,1,2,3,3
Nikola Jokic,2024-25,"Feb 06, 2025",DEN vs. ORL,31,28,10,12,2,0,3,11,16,2,4,4,6
Nikola Jokic,2024-25,"Feb 05, 2025",DEN vs. NOP,36,38,8,10,1,1,1,15,28,5,13,3,3
Nikola Jokic,2024-25,"Feb 03, 2025",DEN vs. NOP,36,27,14,10,1,2,1,9,13,1,3,8,10
Nikola Jokic,2024-25,"Feb 01, 2025",DEN @ CHA,37,28,13,17,4,1,4,9,17,2,7,8,9
Nikola Jokic,2024-25,"Jan 31, 2025",DEN @ PHI,37,28,9,13,2,0,6,11,16,2,3,4,5
Nikola Jokic,2024-25,"Jan 29, 2025",DEN @ NYK,33,17,6,6,2,1,2,6,15,3,7,2,2
Nikola Jokic,2024-25,"Jan 27, 2025",DEN @ CHI,40,33,12,14,1,1,4,15,21,1,4,2,2
Nikola Jokic,2024-25,"Jan 25, 2025",DEN @ MIN,32,20,3,11,0,0,7,9,13,2,4,0,1
Nikola Jokic,2024-25,"Jan 23, 2025",DEN vs. SAC,37,35,22,17,1,2,1,12,19,2,3,9,10
Nikola Jokic,2024-25,"Jan 21, 2025",DEN vs. PHI,30,27,13,10,4,1,2,10,15,2,3,5,5
Nikola Jokic,2024-25,"Jan 19, 2025",DEN @ ORL,30,20,14,10,3,3,2,7,9,0,0,6,7
Nikola Jokic,2024-25,"Jan 17, 2025",DEN @ MIA,31,24,12,10,1,0,2,9,12,1,2,5,5
Nikola Jokic,2024-25,"Jan 14, 2025",DEN @ DAL,29,10,14,10,2,0,1,4,7,1,2,1,2
Nikola Jokic,2024-25,"Jan 12, 2025",DEN @ DAL,39,19,18,9,3,0,4,6,13,0,2,7,9
Nikola Jokic,2024-25,"Jan 10, 2025",DEN vs. BKN,38,35,12,15,4,0,1,14,21,1,1,6,8
Nikola Jokic,2024-25,"Jan 04, 2025",DEN @ SAS,43,46,9,10,2,2,2,19,35,3,8,5,6
Nikola Jokic,2024-25,"Jan 03, 2025",DEN vs. SAS,37,41,18,9,2,0,2,15,36,3,10,8,9
Nikola Jokic,2024-25,"Jan 01, 2025",DEN vs. ATL,30,23,17,15,0,1,2,8,16,1,1,6,6
Nikola Jokic,2024-25,"Dec 30, 2024",DEN @ UTA,38,36,22,11,4,0,2,14,33,3,9,5,6
Nikola Jokic,2024-25,"Dec 28, 2024",DEN vs. DET,37,37,9,8,0,0,2,11,17,4,5,11,14
Nikola Jokic,2024-25,"Dec 27, 2024",DEN vs. CLE,36,27,14,13,3,0,1,12,19,0,3,3,4
Nikola Jokic,2024-25,"Dec 25, 2024",DEN @ PHX,38,25,15,2,2,0,2,10,19,2,7,3,4
Nikola Jokic,2024-25,"Dec 23, 2024",DEN vs. PHX,30,32,2,7,0,0,1,12,17,4,6,4,5
Nikola Jokic,2024-25,"Dec 22, 2024",DEN @ NOP,43,27,13,10,1,1,3,11,20,2,3,3,5
Nikola Jokic,2024-25,"Dec 19, 2024",DEN @ POR,37,34,6,8,1,0,3,13,18,4,6,4,4
Nikola Jokic,2024-25,"Dec 16, 2024",DEN @ SAC,38,20,14,13,2,1,5,8,19,1,6,3,4
Nikola Jokic,2024-25,"Dec 13, 2024",DEN vs. LAC,30,16,7,2,2,0,5,6,9,2,2,2,4
Nikola Jokic,2024-25,"Dec 08, 2024",DEN @ ATL,35,48,14,8,3,0,3,17,29,3,6,11,13
Nikola Jokic,2024-25,"Dec 07, 2024",DEN @ WAS,39,56,16,8,1,0,5,22,39,3,6,9,13
Nikola Jokic,2024-25,"Dec 05, 2024",DEN @ CLE,39,27,20,11,3,0,3,13,26,0,3,1,1
Nikola Jokic,2024-25,"Dec 03, 2024",DEN vs. GSW,40,38,10,6,5,1,4,14,24,3,4,7,9
Nikola Jokic,2024-25,"Dec 01, 2024",DEN @ LAC,39,28,14,11,1,1,5,12,24,2,7,2,4
Nikola Jokic,2024-25,"Nov 27, 2024",DEN @ UTA,34,30,10,7,1,1,1,13,19,2,3,2,3
Nikola Jokic,2024-25,"Nov 25, 2024",DEN vs. NYK,32,22,7,7,1,0,0,9,20,2,7,2,2
Nikola Jokic,2024-25,"Nov 23, 2024",DEN @ LAL,37,34,13,8,2,1,6,12,20,3,7,7,8
Nikola Jokic,2024-25,"Nov 22, 2024",DEN vs. DAL,39,33,17,10,0,0,3,13,22,2,2,5,7
Nikola Jokic,2024-25,"Nov 10, 2024",DEN vs. DAL,38,37,18,15,3,0,4,13,21,3,3,8,8
Nikola Jokic,2024-25,"Nov 08, 2024",DEN vs. MIA,40,30,11,14,2,0,5,11,13,1,1,7,7
Nikola Jokic,2024-25,"Nov 06, 2024",DEN vs. OKC,39,23,20,16,2,2,5,9,20,1,3,4,6
Nikola Jokic,2024-25,"Nov 04, 2024",DEN vs. TOR,38,28,14,13,1,2,7,10,22,1,5,7,8
Nikola Jokic,2024-25,"Nov 02, 2024",DEN vs. UTA,30,27,16,9,1,0,5,10,18,3,4,4,4
Nikola Jokic,2024-25,"Nov 01, 2024",DEN @ MIN,40,26,9,13,3,1,3,8,16,2,3,8,10
Nikola Jokic,2024-25,"Oct 29, 2024",DEN @ BKN,41,29,18,16,0,1,1,9,16,0,0,11,13
Nikola Jokic,2024-25,"Oct 28, 2024",DEN @ TOR,44,40,10,4,1,2,3,18,27,3,5,1,2
Nikola Jokic,2024-25,"Oct 26, 2024",DEN vs. LAC,37,41,9,4,2,1,5,14,26,7,12,6,8
Nikola Jokic,2024-25,"Oct 24, 2024",DEN vs. OKC,35,16,12,13,2,1,3,6,13,1,3,3,4
Luka Doncic,2023-24,"Apr 10, 2024",DAL @ MIA,36,29,9,9,0,0,3,9,23,4,15,7,8
Luka Doncic,2023-24,"Apr 09, 2024",DAL @ CHA,35,39,12,10,0,1,4,13,25,8,17,5,7
Luka Doncic,2023-24,"Apr 07, 2024",DAL vs. HOU,45,37,9,12,0,2,7,12,21,4,10,9,9
Luka Doncic,2023-24,"Apr 04, 2024",DAL vs. ATL,37,25,12,8,2,1,5,8,25,6,15,3,3
Luka Doncic,2023-24,"Apr 02, 2024",DAL @ GSW,39,30,12,11,0,0,5,11,22,5,11,3,4
Luka Doncic,2023-24,"Mar 31, 2024",DAL @ HOU,35,47,12,7,2,0,4,18,30,9,16,2,5
Luka Doncic,2023-24,"Mar 29, 2024",DAL @ SAC,41,26,9,12,2,0,5,6,14,4,8,10,14
Luka Doncic,2023-24,"Mar 26, 2024",DAL @ SAC,32,28,11,6,2,0,4,10,18,4,8,4,5
Luka Doncic,2023-24,"Mar 25, 2024",DAL @ UTA,41,29,12,13,1,1,4,10,24,2,11,7,8
Luka Doncic,2023-24,"Mar 21, 2024",DAL vs. UTA,35,34,9,8,4,0,4,11,23,4,10,8,12
Luka Doncic,2023-24,"Mar 19, 2024",DAL @ SAS,40,18,10,16,1,0,4,6,27,2,12,4,5
Luka Doncic,2023-24,"Mar 17, 2024",DAL vs. DEN,40,37,10,3,2,0,3,12,27,5,11,8,10
Luka Doncic,2023-24,"Mar 13, 2024",DAL vs. GSW,30,21,3,9,0,0,6,7,18,1,6,6,8
Luka Doncic,2023-24,"Mar 11, 2024",DAL @ CHI,34,27,12,14,1,0,2,9,23,6,15,3,4
Luka Doncic,2023-24,"Mar 09, 2024",DAL @ DET,37,39,10,10,3,2,6,13,24,4,13,9,10
Luka Doncic,2023-24,"Mar 07, 2024",DAL vs. MIA,40,35,11,11,1,0,4,12,24,7,13,4,4
Luka Doncic,2023-24,"Mar 05, 2024",DAL vs. IND,43,39,10,11,0,0,5,15,30,4,13,5,6
Luka Doncic,2023-24,"Mar 03, 2024",DAL vs. PHI,40,38,11,10,1,0,7,14,27,4,10,6,6
Luka Doncic,2023-24,"Mar 01, 2024",DAL @ BOS,37,37,12,11,0,0,2,14,25,3,9,6,8
Luka Doncic,2023-24,"Feb 28, 2024",DAL @ TOR,36,30,12,16,2,0,5,11,23,1,8,7,9
Luka Doncic,2023-24,"Feb 27, 2024",DAL @ CLE,41,45,9,14,3,0,1,17,29,6,11,5,5
Luka Doncic,2023-24,"Feb 25, 2024",DAL @ IND,33,33,6,6,1,2,3,10,21,4,8,9,12
Luka Doncic,2023-24,"Feb 22, 2024",DAL vs. PHX,38,41,9,11,3,0,3,14,27,6,11,7,7
Luka Doncic,2023-24,"Feb 14, 2024",DAL vs. SAS,31,27,9,8,2,1,5,11,20,1,8,4,4
Luka Doncic,2023-24,"Feb 12, 2024",DAL vs. WAS,37,26,11,15,1,2,5,8,16,2,7,8,11
Luka Doncic,2023-24,"Feb 10, 2024",DAL vs. OKC,31,32,8,9,0,0,3,9,14,4,8,10,13
Luka Doncic,2023-24,"Feb 08, 2024",DAL @ NYK,40,39,8,11,4,1,3,13,24,7,14,6,7
Luka Doncic,2023-24,"Feb 06, 2024",DAL @ BKN,43,35,18,9,2,1,1,13,27,4,11,5,10
Luka Doncic,2023-24,"Feb 05, 2024",DAL @ PHI,36,19,8,3,1,0,3,6,15,4,10,3,5
Luka Doncic,2023-24,"Feb 03, 2024",DAL vs. MIL,42,40,9,11,1,0,9,13,26,4,12,10,11
Luka Doncic,2023-24,"Jan 29, 2024",DAL vs. ORL,43,45,9,15,2,0,4,12,23,3,8,18,21
Luka Doncic,2023-24,"Jan 27, 2024",DAL vs. SAC,46,28,10,17,2,1,3,9,26,1,9,9,12
Luka Doncic,2023-24,"Jan 26, 2024",DAL @ ATL,45,73,10,7,1,0,4,25,33,8,13,15,16
Luka Doncic,2023-24,"Jan 24, 2024",DAL vs. PHX,39,34,8,9,1,2,5,11,24,4,11,8,12
Luka Doncic,2023-24,"Jan 22, 2024",DAL vs. BOS,40,33,18,13,2,0,3,12,30,2,8,7,11
Luka Doncic,2023-24,"Jan 17, 2024",DAL @ LAL,36,33,13,10,2,2,4,12,24,2,9,7,9
Luka Doncic,2023-24,"Jan 09, 2024",DAL vs. MEM,36,31,6,6,3,0,3,9,21,2,8,11,15
Luka Doncic,2023-24,"Jan 07, 2024",DAL vs. MIN,39,34,6,8,1,0,3,12,26,5,12,5,8
Luka Doncic,2023-24,"Jan 03, 2024",DAL vs. POR,31,41,6,5,1,0,4,13,21,4,7,11,14
Luka Doncic,2023-24,"Jan 01, 2024",DAL @ UTA,34,19,6,14,1,0,4,6,20,3,13,4,6
Luka Doncic,2023-24,"Dec 30, 2023",DAL @ GSW,38,39,8,10,1,1,4,14,29,5,13,6,7
Luka Doncic,2023-24,"Dec 27, 2023",DAL vs. CLE,37,39,7,6,2,2,5,14,29,3,10,8,10
Luka Doncic,2023-24,"Dec 25, 2023",DAL @ PHX,44,50,6,15,4,3,4,15,25,8,16,12,12
Luka Doncic,2023-24,"Dec 23, 2023",DAL vs. SAS,32,39,12,10,1,1,2,13,27,5,10,8,11
Luka Doncic,2023-24,"Dec 20, 2023",DAL vs. LAC,44,28,9,10,1,0,5,9,25,2,11,8,14
Luka Doncic,2023-24,"Dec 18, 2023",DAL @ DEN,36,38,11,8,0,0,3,13,24,6,12,6,10
Luka Doncic,2023-24,"Dec 16, 2023",DAL @ POR,37,40,12,10,1,0,4,15,28,4,12,6,6
Luka Doncic,2023-24,"Dec 14, 2023",DAL vs. MIN,39,39,6,13,2,0,8,15,27,2,7,7,7
Luka Doncic,2023-24,"Dec 12, 2023",DAL vs. LAL,43,33,6,17,1,0,4,12,28,3,10,6,6
Luka Doncic,2023-24,"Dec 11, 2023",DAL @ MEM,44,35,8,6,2,2,3,9,21,5,10,12,13
Luka Doncic,2023-24,"Dec 08, 2023",DAL @ POR,41,32,6,10,1,1,5,11,28,3,14,7,8
Luka Doncic,2023-24,"Dec 06, 2023",DAL vs. UTA,32,40,10,11,1,0,4,14,25,6,12,6,8
Luka Doncic,2023-24,"Dec 02, 2023",DAL vs. OKC,46,36,15,18,2,2,7,11,22,5,13,9,14
Luka Doncic,2023-24,"Nov 28, 2023",DAL vs. HOU,38,41,9,9,2,0,0,15,29,3,10,8,9
Luka Doncic,2023-24,"Nov 25, 2023",DAL @ LAC,38,30,3,4,2,2,4,12,27,1,8,5,5
Luka Doncic,2023-24,"Nov 22, 2023",DAL @ LAL,39,30,12,8,2,0,0,10,26,3,12,7,8
Luka Doncic,2023-24,"Nov 19, 2023",DAL vs. SAC,32,25,10,7,3,0,2,7,19,3,7,8,10
Luka Doncic,2023-24,"Nov 18, 2023",DAL @ MIL,35,35,9,9,0,0,3,15,26,4,9,1,4
Luka Doncic,2023-24,"Nov 15, 2023",DAL @ WAS,32,26,7,10,0,0,3,7,18,4,11,8,12
Luka Doncic,2023-24,"Nov 14, 2023",DAL @ NOP,26,16,2,2,0,0,8,5,16,3,5,3,5
Luka Doncic,2023-24,"Nov 12, 2023",DAL @ NOP,28,30,4,9,1,0,2,11,18,4,9,4,5
Luka Doncic,2023-24,"Nov 10, 2023",DAL vs. LAC,32,44,6,6,1,0,1,17,21,6,9,4,4
Luka Doncic,2023-24,"Nov 08, 2023",DAL vs. TOR,38,31,7,8,4,1,4,11,26,2,10,7,10
Luka Doncic,2023-24,"Nov 06, 2023",DAL @ ORL,35,29,3,6,2,0,6,9,17,5,10,6,6
Luka Doncic,2023-24,"Nov 05, 2023",DAL vs. CHA,36,23,12,9,0,1,4,8,19,1,9,6,7
Luka Doncic,2023-24,"Nov 03, 2023",DAL @ DEN,38,34,10,8,0,1,9,11,24,6,11,6,7
Luka Doncic,2023-24,"Nov 01, 2023",DAL vs. CHI,40,18,7,10,2,1,6,5,16,1,8,7,9
Luka Doncic,2023-24,"Oct 30, 2023",DAL @ MEM,40,35,12,12,1,1,6,11,22,6,12,7,10
Luka Doncic,2023-24,"Oct 27, 2023",DAL vs. BKN,36,49,10,7,0,0,0,16,25,9,14,8,10
Luka Doncic,2023-24,"Oct 25, 2023",DAL @ SAS,34,33,13,10,2,0,4,13,25,3,11,4,7
Luka Doncic,2024-25,"Apr 11, 2025",LAL vs. HOU,31,39,8,7,1,0,4,13,19,5,9,8,14
Luka Doncic,2024-25,"Apr 09, 2025",LAL @ DAL,38,45,8,6,4,0,3,16,28,7,10,6,9
Luka Doncic,2024-25,"Apr 08, 2025",LAL @ OKC,31,23,3,5,0,1,3,7,15,3,7,6,7
Luka Doncic,2024-25,"Apr 06, 2025",LAL @ OKC,37,30,7,6,2,0,2,11,20,5,11,3,4
Luka Doncic,2024-25,"Apr 04, 2025",LAL vs. NOP,36,35,6,6,0,0,2,10,21,4,10,11,11
Luka Doncic,2024-25,"Apr 03, 2025",LAL vs. GSW,38,19,8,7,0,1,1,6,17,0,6,7,7
Luka Doncic,2024-25,"Mar 31, 2025",LAL vs. HOU,38,20,6,9,2,0,3,6,16,1,7,7,9
Luka Doncic,2024-25,"Mar 29, 2025",LAL @ MEM,38,29,8,9,2,0,3,8,18,2,9,11,12
Luka Doncic,2024-25,"Mar 27, 2025",LAL @ CHI,38,25,10,8,2,1,1,8,22,4,12,5,6
Luka Doncic,2024-25,"Mar 26, 2025",LAL @ IND,38,34,7,7,0,1,3,11,21,6,10,6,7
Luka Doncic,2024-25,"Mar 24, 2025",LAL @ ORL,38,32,7,7,1,0,3,9,23,4,10,10,11
Luka Doncic,2024-25,"Mar 22, 2025",LAL vs. CHI,32,34,8,6,0,0,7,10,18,8,13,6,8
Luka Doncic,2024-25,"Mar 19, 2025",LAL vs. DEN,32,31,8,7,2,1,6,10,21,4,9,7,10
Luka Doncic,2024-25,"Mar 17, 2025",LAL vs. SAS,34,21,9,14,3,1,3,5,20,1,7,10,13
Luka Doncic,2024-25,"Mar 16, 2025",LAL vs. PHX,40,33,11,8,2,0,4,8,20,4,11,13,14
Luka Doncic,2024-25,"Mar 13, 2025",LAL @ MIL,36,45,11,3,2,1,6,14,27,7,13,10,12
Luka Doncic,2024-25,"Mar 10, 2025",LAL @ BKN,41,22,12,12,2,0,5,8,26,3,10,3,4
Luka Doncic,2024-25,"Mar 08, 2025",LAL @ BOS,37,34,8,3,1,0,5,11,22,5,10,7,8
Luka Doncic,2024-25,"Mar 06, 2025",LAL vs. NYK,43,32,7,12,4,0,5,9,23,4,12,10,12
Luka Doncic,2024-25,"Mar 04, 2025",LAL vs. NOP,34,30,8,15,1,1,5,9,19,6,13,6,11
Luka Doncic,2024-25,"Mar 02, 2025",LAL vs. LAC,37,29,6,9,2,0,6,9,17,5,12,6,9
Luka Doncic,2024-25,"Feb 28, 2025",LAL vs. LAC,35,31,2,5,3,0,6,9,22,3,9,10,11
Luka Doncic,2024-25,"Feb 27, 2025",LAL vs. MIN,36,21,13,5,0,0,3,6,20,1,9,8,12
Luka Doncic,2024-25,"Feb 25, 2025",LAL vs. DAL,35,19,15,12,3,2,2,6,17,1,7,6,8
Luka Doncic,2024-25,"Feb 22, 2025",LAL @ DEN,31,32,10,7,4,1,1,10,22,4,9,8,8
Luka Doncic,2024-25,"Feb 19, 2025",LAL vs. CHA,33,14,11,8,1,0,6,5,18,1,9,3,4
Luka Doncic,2024-25,"Feb 12, 2025",LAL @ UTA,23,16,4,4,1,1,5,6,13,3,8,1,5
Luka Doncic,2024-25,"Feb 10, 2025",LAL vs. UTA,24,14,5,4,0,0,1,5,14,1,7,3,3
Luka Doncic,2024-25,"Dec 25, 2024",DAL vs. MIN,16,14,5,2,1,0,3,5,9,3,5,1,1
Luka Doncic,2024-25,"Dec 23, 2024",DAL vs. POR,30,27,7,7,1,0,3,10,19,1,7,6,8
Luka Doncic,2024-25,"Dec 15, 2024",DAL @ GSW,38,45,11,13,3,2,3,16,23,6,11,7,9
Luka Doncic,2024-25,"Dec 10, 2024",DAL @ OKC,40,16,11,5,4,0,6,5,15,2,8,4,5
Luka Doncic,2024-25,"Dec 07, 2024",DAL @ TOR,38,30,13,11,4,0,4,9,20,6,13,6,6
Luka Doncic,2024-25,"Dec 05, 2024",DAL @ WAS,32,21,10,10,2,1,4,7,17,3,10,4,5
Luka Doncic,2024-25,"Dec 03, 2024",DAL vs. MEM,40,37,12,4,4,1,3,11,22,5,9,10,16
Luka Doncic,2024-25,"Dec 01, 2024",DAL @ POR,36,36,7,13,3,0,3,15,24,4,10,2,4
Luka Doncic,2024-25,"Nov 19, 2024",DAL vs. NOP,30,26,5,5,3,1,3,10,16,3,8,3,5
Luka Doncic,2024-25,"Nov 16, 2024",DAL vs. SAS,28,16,6,6,2,0,4,6,16,3,9,1,3
Luka Doncic,2024-25,"Nov 14, 2024",DAL @ UTA,38,37,7,9,1,0,3,13,25,4,13,7,7
Luka Doncic,2024-25,"Nov 12, 2024",DAL @ GSW,41,31,8,6,3,0,5,13,27,2,10,3,3
Luka Doncic,2024-25,"Nov 10, 2024",DAL @ DEN,41,24,9,9,1,1,5,9,19,2,8,4,6
Luka Doncic,2024-25,"Nov 08, 2024",DAL vs. PHX,42,30,7,7,1,0,3,11,25,5,12,3,3
Luka Doncic,2024-25,"Nov 06, 2024",DAL vs. CHI,32,27,7,13,4,0,5,8,19,3,8,8,9
Luka Doncic,2024-25,"Nov 04, 2024",DAL vs. IND,42,34,7,15,2,0,2,9,24,4,10,12,15
Luka Doncic,2024-25,"Nov 03, 2024",DAL vs. ORL,32,32,9,7,0,0,4,11,22,5,13,5,7
Luka Doncic,2024-25,"Oct 31, 2024",DAL vs. HOU,38,29,5,2,1,0,1,12,25,3,7,2,4
Luka Doncic,2024-25,"Oct 29, 2024",DAL @ MIN,40,24,8,8,1,0,3,10,27,1,8,3,4
Luka Doncic,2024-25,"Oct 28, 2024",DAL vs. UTA,33,15,9,8,2,1,2,5,22,1,9,4,6
Luka Doncic,2024-25,"Oct 26, 2024",DAL @ PHX,39,40,10,4,0,1,2,12,25,5,13,11,12
Luka Doncic,2024-25,"Oct 24, 2024",DAL vs. SAS,36,28,10,8,1,1,4,9,25,4,11,6,8
Shai Gilgeous-Alexander,2023-24,"Apr 14, 2024",OKC vs. DAL,16,15,1,6,0,0,0,5,11,0,4,5,5
Shai Gilgeous-Alexander,2023-24,"Apr 12, 2024",OKC vs. MIL,29,23,7,3,0,1,0,7,21,0,7,9,9
Shai Gilgeous-Alexander,2023-24,"Apr 10, 2024",OKC vs. SAS,26,26,6,5,0,0,1,10,18,1,3,5,5
Shai Gilgeous-Alexander,2023-24,"Apr 09, 2024",OKC vs. SAC,38,40,7,4,2,2,5,11,21,2,3,16,20
Shai Gilgeous-Alexander,2023-24,"Mar 31, 2024",OKC @ NYK,35,19,2,3,1,0,2,7,16,1,4,4,4
Shai Gilgeous-Alexander,2023-24,"Mar 26, 2024",OKC @ NOP,38,24,5,8,2,0,0,9,20,1,3,5,6
Shai Gilgeous-Alexander,2023-24,"Mar 24, 2024",OKC @ MIL,30,12,3,2,3,1,4,5,12,0,3,2,3
Shai Gilgeous-Alexander,2023-24,"Mar 22, 2024",OKC @ TOR,33,23,7,8,3,1,6,9,20,1,5,4,6
Shai Gilgeous-Alexander,2023-24,"Mar 20, 2024",OKC vs. UTA,33,31,3,7,4,0,1,12,22,2,4,5,6
Shai Gilgeous-Alexander,2023-24,"Mar 16, 2024",OKC @ MEM,35,20,7,3,0,1,3,8,16,1,4,3,6
Shai Gilgeous-Alexander,2023-24,"Mar 14, 2024",OKC vs. DAL,37,31,9,5,2,0,1,9,16,1,4,12,15
Shai Gilgeous-Alexander,2023-24,"Mar 12, 2024",OKC vs. IND,37,30,10,5,2,1,4,12,27,1,7,5,6
Shai Gilgeous-Alexander,2023-24,"Mar 10, 2024",OKC vs. MEM,27,23,2,6,0,0,1,8,14,5,7,2,2
Shai Gilgeous-Alexander,2023-24,"Mar 08, 2024",OKC vs. MIA,36,37,5,6,1,2,1,13,25,2,7,9,11
Shai Gilgeous-Alexander,2023-24,"Mar 06, 2024",OKC @ POR,36,37,3,5,1,1,4,13,23,0,3,11,12
Shai Gilgeous-Alexander,2023-24,"Mar 04, 2024",OKC @ LAL,30,20,7,4,4,2,4,5,13,1,2,9,9
Shai Gilgeous-Alexander,2023-24,"Mar 03, 2024",OKC @ PHX,38,35,8,9,3,3,1,15,27,0,5,5,7
Shai Gilgeous-Alexander,2023-24,"Feb 29, 2024",OKC @ SAS,35,31,6,3,1,1,1,12,22,1,1,6,7
Shai Gilgeous-Alexander,2023-24,"Feb 27, 2024",OKC vs. HOU,32,31,8,3,1,0,2,11,21,4,6,5,6
Shai Gilgeous-Alexander,2023-24,"Feb 25, 2024",OKC @ HOU,37,36,5,7,3,1,4,13,23,2,3,8,9
Shai Gilgeous-Alexander,2023-24,"Feb 23, 2024",OKC vs. WAS,30,30,7,9,1,1,1,10,17,1,3,9,9
Shai Gilgeous-Alexander,2023-24,"Feb 22, 2024",OKC vs. LAC,35,31,4,8,1,2,2,12,19,3,6,4,6
Shai Gilgeous-Alexander,2023-24,"Feb 13, 2024",OKC @ ORL,34,32,3,5,2,1,1,11,24,1,1,9,10
Shai Gilgeous-Alexander,2023-24,"Feb 11, 2024",OKC vs. SAC,39,38,3,7,1,2,1,15,26,3,4,5,9
Shai Gilgeous-Alexander,2023-24,"Feb 10, 2024",OKC @ DAL,29,25,6,5,0,1,3,9,16,0,0,7,8
Shai Gilgeous-Alexander,2023-24,"Feb 06, 2024",OKC @ UTA,36,28,4,7,1,1,2,11,22,2,3,4,5
Shai Gilgeous-Alexander,2023-24,"Feb 04, 2024",OKC vs. TOR,48,23,9,14,2,3,2,9,17,2,5,3,3
Shai Gilgeous-Alexander,2023-24,"Feb 02, 2024",OKC vs. CHA,30,31,3,9,5,3,3,11,15,1,1,8,10
Shai Gilgeous-Alexander,2023-24,"Jan 31, 2024",OKC vs. DEN,36,34,7,5,1,2,2,10,22,2,3,12,13
Shai Gilgeous-Alexander,2023-24,"Jan 29, 2024",OKC vs. MIN,39,37,7,8,2,0,4,10,18,2,3,15,16
Shai Gilgeous-Alexander,2023-24,"Jan 28, 2024",OKC @ DET,29,31,5,4,1,0,3,13,20,1,1,4,5
Shai Gilgeous-Alexander,2023-24,"Jan 26, 2024",OKC @ NOP,32,31,4,5,2,1,4,10,21,3,8,8,9
Shai Gilgeous-Alexander,2023-24,"Jan 24, 2024",OKC @ SAS,29,32,6,10,2,1,4,9,15,2,2,12,12
Shai Gilgeous-Alexander,2023-24,"Jan 23, 2024",OKC vs. POR,35,33,6,10,5,0,3,10,24,0,3,13,17
Shai Gilgeous-Alexander,2023-24,"Jan 20, 2024",OKC @ MIN,37,33,2,6,2,0,2,10,22,1,2,12,13
Shai Gilgeous-Alexander,2023-24,"Jan 18, 2024",OKC @ UTA,35,31,6,6,1,1,4,8,15,0,1,15,17
Shai Gilgeous-Alexander,2023-24,"Jan 16, 2024",OKC @ LAC,34,19,2,4,0,2,2,6,16,0,3,7,8
Shai Gilgeous-Alexander,2023-24,"Jan 15, 2024",OKC @ LAL,34,24,3,6,1,1,3,9,19,1,6,5,5
Shai Gilgeous-Alexander,2023-24,"Jan 13, 2024",OKC vs. ORL,36,37,6,7,3,1,0,13,20,0,4,11,12
Shai Gilgeous-Alexander,2023-24,"Jan 11, 2024",OKC vs. POR,21,31,5,4,0,1,2,11,15,1,3,8,8
Shai Gilgeous-Alexander,2023-24,"Jan 10, 2024",OKC @ MIA,34,28,2,8,1,1,3,11,17,2,5,4,5
Shai Gilgeous-Alexander,2023-24,"Jan 08, 2024",OKC @ WAS,36,32,6,5,3,1,3,11,17,2,3,8,10
Shai Gilgeous-Alexander,2023-24,"Jan 05, 2024",OKC @ BKN,36,34,9,6,0,0,2,11,19,2,5,10,15
Shai Gilgeous-Alexander,2023-24,"Jan 03, 2024",OKC @ ATL,35,33,13,8,0,0,2,11,24,2,3,9,11
Shai Gilgeous-Alexander,2023-24,"Jan 02, 2024",OKC vs. BOS,37,36,6,7,1,0,0,14,22,3,5,5,8
Shai Gilgeous-Alexander,2023-24,"Dec 31, 2023",OKC vs. BKN,35,24,4,6,0,0,1,7,15,1,2,9,9
Shai Gilgeous-Alexander,2023-24,"Dec 29, 2023",OKC @ DEN,33,40,4,3,2,1,1,14,20,2,3,10,10
Shai Gilgeous-Alexander,2023-24,"Dec 27, 2023",OKC vs. NYK,36,36,7,8,2,2,1,13,23,2,5,8,9
Shai Gilgeous-Alexander,2023-24,"Dec 26, 2023",OKC vs. MIN,33,34,6,9,2,1,3,14,19,0,3,6,7
Shai Gilgeous-Alexander,2023-24,"Dec 23, 2023",OKC vs. LAL,38,34,5,7,3,0,3,12,21,1,5,9,10
Shai Gilgeous-Alexander,2023-24,"Dec 21, 2023",OKC vs. LAC,32,31,8,4,4,2,1,11,25,1,6,8,9
Shai Gilgeous-Alexander,2023-24,"Dec 18, 2023",OKC vs. MEM,28,30,9,5,4,0,2,8,18,1,3,13,14
Shai Gilgeous-Alexander,2023-24,"Dec 16, 2023",OKC @ DEN,37,25,6,8,2,0,2,9,20,0,2,7,8
Shai Gilgeous-Alexander,2023-24,"Dec 14, 2023",OKC @ SAC,38,43,6,9,2,0,3,13,27,1,5,16,18
Shai Gilgeous-Alexander,2023-24,"Dec 11, 2023",OKC vs. UTA,28,30,4,7,3,0,1,12,17,0,1,6,6
Shai Gilgeous-Alexander,2023-24,"Dec 08, 2023",OKC vs. GSW,42,38,5,5,5,1,0,15,30,0,3,8,11
Shai Gilgeous-Alexander,2023-24,"Dec 06, 2023",OKC @ HOU,37,33,3,6,6,1,2,13,18,0,0,7,9
Shai Gilgeous-Alexander,2023-24,"Dec 02, 2023",OKC @ DAL,39,17,3,9,5,1,2,6,13,2,3,3,4
Shai Gilgeous-Alexander,2023-24,"Nov 30, 2023",OKC vs. LAL,35,33,4,7,1,0,0,11,18,1,4,10,10
Shai Gilgeous-Alexander,2023-24,"Nov 28, 2023",OKC @ MIN,34,32,4,4,3,2,3,13,22,0,1,6,6
Shai Gilgeous-Alexander,2023-24,"Nov 25, 2023",OKC vs. PHI,36,31,6,5,2,0,1,10,21,1,2,10,10
Shai Gilgeous-Alexander,2023-24,"Nov 22, 2023",OKC vs. CHI,37,40,5,12,1,3,2,11,19,1,3,17,18
Shai Gilgeous-Alexander,2023-24,"Nov 19, 2023",OKC @ POR,23,28,3,4,1,0,3,10,13,1,1,7,7
Shai Gilgeous-Alexander,2023-24,"Nov 18, 2023",OKC @ GSW,41,40,7,6,2,2,3,18,29,2,3,2,2
Shai Gilgeous-Alexander,2023-24,"Nov 16, 2023",OKC @ GSW,29,24,2,7,3,1,2,6,21,3,7,9,9
Shai Gilgeous-Alexander,2023-24,"Nov 14, 2023",OKC vs. SAS,28,28,6,5,7,0,2,10,16,1,4,7,7
Shai Gilgeous-Alexander,2023-24,"Nov 12, 2023",OKC @ PHX,37,35,7,4,1,1,1,13,22,2,5,7,8
Shai Gilgeous-Alexander,2023-24,"Nov 10, 2023",OKC @ SAC,38,33,7,5,2,2,2,14,25,0,2,5,6
Shai Gilgeous-Alexander,2023-24,"Nov 08, 2023",OKC vs. CLE,38,43,7,6,2,1,3,15,22,1,2,12,13
Shai Gilgeous-Alexander,2023-24,"Nov 06, 2023",OKC vs. ATL,37,30,8,6,1,0,2,11,20,3,7,5,6
Shai Gilgeous-Alexander,2023-24,"Nov 01, 2023",OKC vs. NOP,38,20,5,8,3,0,2,8,20,0,5,4,5
Shai Gilgeous-Alexander,2023-24,"Oct 30, 2023",OKC vs. DET,33,32,9,4,3,0,5,11,23,1,3,9,9
Shai Gilgeous-Alexander,2023-24,"Oct 29, 2023",OKC vs. DEN,28,7,4,7,1,0,0,2,16,0,4,3,4
Shai Gilgeous-Alexander,2023-24,"Oct 27, 2023",OKC @ CLE,36,34,11,4,5,1,5,15,26,2,2,2,2
Shai Gilgeous-Alexander,2023-24,"Oct 25, 2023",OKC @ CHI,36,31,5,10,1,2,1,12,18,2,5,5,5
Shai Gilgeous-Alexander,2024-25,"Apr 08, 2025",OKC vs. LAL,37,42,6,6,0,1,1,14,26,5,9,9,11
Shai Gilgeous-Alexander,2024-25,"Apr 06, 2025",OKC vs. LAL,30,26,3,9,1,1,1,12,23,2,5,0,0
Shai Gilgeous-Alexander,2024-25,"Apr 04, 2025",OKC @ HOU,35,22,4,8,3,0,3,10,22,1,6,1,2
Shai Gilgeous-Alexander,2024-25,"Apr 02, 2025",OKC vs. DET,35,33,6,3,3,2,1,10,26,2,7,11,12
Shai Gilgeous-Alexander,2024-25,"Mar 31, 2025",OKC vs. CHI,27,27,0,12,0,2,2,9,14,2,2,7,7
Shai Gilgeous-Alexander,2024-25,"Mar 29, 2025",OKC vs. IND,31,33,7,8,1,0,0,10,23,3,6,10,12
Shai Gilgeous-Alexander,2024-25,"Mar 27, 2025",OKC vs. MEM,34,37,3,6,3,0,0,15,25,0,2,7,9
Shai Gilgeous-Alexander,2024-25,"Mar 25, 2025",OKC @ SAC,33,32,8,5,0,0,5,10,23,3,6,9,10
Shai Gilgeous-Alexander,2024-25,"Mar 23, 2025",OKC @ LAC,37,26,3,8,2,2,1,7,29,1,7,11,11
Shai Gilgeous-Alexander,2024-25,"Mar 21, 2025",OKC vs. CHA,30,30,6,9,1,0,1,13,18,2,2,2,2
Shai Gilgeous-Alexander,2024-25,"Mar 16, 2025",OKC @ MIL,34,31,2,8,0,1,1,11,27,0,5,9,11
Shai Gilgeous-Alexander,2024-25,"Mar 15, 2025",OKC @ DET,38,48,4,6,3,1,2,17,26,4,6,10,10
Shai Gilgeous-Alexander,2024-25,"Mar 12, 2025",OKC @ BOS,39,34,5,7,1,0,5,11,20,2,7,10,11
Shai Gilgeous-Alexander,2024-25,"Mar 10, 2025",OKC vs. DEN,36,25,3,7,1,2,3,8,14,3,7,6,6
Shai Gilgeous-Alexander,2024-25,"Mar 09, 2025",OKC vs. DEN,35,40,8,5,0,3,1,15,32,2,11,8,8
Shai Gilgeous-Alexander,2024-25,"Mar 05, 2025",OKC @ MEM,35,41,2,8,2,0,4,14,25,3,5,10,10
Shai Gilgeous-Alexander,2024-25,"Mar 03, 2025",OKC vs. HOU,36,51,5,7,1,1,2,18,30,5,9,10,10
Shai Gilgeous-Alexander,2024-25,"Mar 02, 2025",OKC @ SAS,32,31,4,8,1,2,0,10,19,3,5,8,9
Shai Gilgeous-Alexander,2024-25,"Feb 28, 2025",OKC @ ATL,34,31,3,5,2,0,1,12,23,3,7,4,4
Shai Gilgeous-Alexander,2024-25,"Feb 26, 2025",OKC @ BKN,34,27,6,5,2,0,3,7,11,1,2,12,13
Shai Gilgeous-Alexander,2024-25,"Feb 24, 2025",OKC vs. MIN,42,39,10,8,0,0,4,11,20,3,5,14,17
Shai Gilgeous-Alexander,2024-25,"Feb 23, 2025",OKC @ MIN,38,37,8,8,3,3,5,13,24,3,6,8,11
Shai Gilgeous-Alexander,2024-25,"Feb 21, 2025",OKC @ UTA,32,21,2,8,1,3,3,7,16,1,4,6,6
Shai Gilgeous-Alexander,2024-25,"Feb 13, 2025",OKC @ MIN,34,24,8,9,0,0,1,6,21,1,2,11,11
Shai Gilgeous-Alexander,2024-25,"Feb 12, 2025",OKC vs. MIA,38,32,5,9,2,0,1,11,22,4,9,6,9
Shai Gilgeous-Alexander,2024-25,"Feb 10, 2025",OKC vs. NOP,31,31,1,2,3,1,1,10,20,4,9,7,8
Shai Gilgeous-Alexander,2024-25,"Feb 08, 2025",OKC @ MEM,34,32,0,8,0,2,0,8,26,3,5,13,16
Shai Gilgeous-Alexander,2024-25,"Feb 07, 2025",OKC vs. TOR,29,25,4,6,1,0,2,5,12,1,6,14,14
Shai Gilgeous-Alexander,2024-25,"Feb 05, 2025",OKC vs. PHX,34,50,8,5,2,1,1,18,29,3,7,11,12
Shai Gilgeous-Alexander,2024-25,"Feb 03, 2025",OKC vs. MIL,22,34,3,6,0,0,3,15,19,2,3,2,3
Shai Gilgeous-Alexander,2024-25,"Feb 01, 2025",OKC vs. SAC,30,29,6,9,0,2,4,10,20,1,6,8,10
Shai Gilgeous-Alexander,2024-25,"Jan 29, 2025",OKC @ GSW,39,52,3,4,1,0,3,16,29,2,6,18,21
Shai Gilgeous-Alexander,2024-25,"Jan 26, 2025",OKC @ POR,37,35,5,1,3,0,2,12,25,2,4,9,9
Shai Gilgeous-Alexander,2024-25,"Jan 23, 2025",OKC vs. DAL,40,31,1,7,0,0,3,12,25,1,3,6,6
Shai Gilgeous-Alexander,2024-25,"Jan 22, 2025",OKC vs. UTA,37,54,8,5,3,2,3,17,35,3,10,17,18
Shai Gilgeous-Alexander,2024-25,"Jan 19, 2025",OKC vs. BKN,29,27,3,10,4,1,2,8,14,1,4,10,10
Shai Gilgeous-Alexander,2024-25,"Jan 16, 2025",OKC vs. CLE,29,40,3,8,2,0,2,17,26,1,5,5,5
Shai Gilgeous-Alexander,2024-25,"Jan 14, 2025",OKC @ PHI,33,32,3,9,2,1,4,12,15,1,3,7,8
Shai Gilgeous-Alexander,2024-25,"Jan 12, 2025",OKC @ WAS,30,27,7,4,2,0,3,5,17,1,4,16,17
Shai Gilgeous-Alexander,2024-25,"Jan 10, 2025",OKC @ NYK,29,39,3,2,2,1,2,15,21,1,1,8,8
Shai Gilgeous-Alexander,2024-25,"Jan 08, 2025",OKC @ CLE,38,31,5,4,3,2,5,13,27,1,6,4,4
Shai Gilgeous-Alexander,2024-25,"Jan 05, 2025",OKC vs. BOS,39,33,11,6,3,2,3,11,23,3,6,8,8
Shai Gilgeous-Alexander,2024-25,"Jan 03, 2025",OKC vs. NYK,37,33,4,7,1,1,2,12,26,2,3,7,7
Shai Gilgeous-Alexander,2024-25,"Jan 02, 2025",OKC vs. LAC,30,29,3,8,2,0,1,9,17,2,5,9,9
Shai Gilgeous-Alexander,2024-25,"Dec 31, 2024",OKC vs. MIN,34,40,3,2,4,0,3,15,23,3,5,7,9
Shai Gilgeous-Alexander,2024-25,"Dec 29, 2024",OKC vs. MEM,28,35,6,7,1,4,1,14,19,1,5,6,6
Shai Gilgeous-Alexander,2024-25,"Dec 28, 2024",OKC @ CHA,33,22,4,6,2,1,6,8,15,1,6,5,6
Shai Gilgeous-Alexander,2024-25,"Dec 26, 2024",OKC @ IND,38,45,7,8,1,2,1,15,22,4,5,11,11
Shai Gilgeous-Alexander,2024-25,"Dec 23, 2024",OKC vs. WAS,35,41,9,3,3,3,3,14,25,3,6,10,10
Shai Gilgeous-Alexander,2024-25,"Dec 20, 2024",OKC @ MIA,38,25,7,4,2,0,3,10,25,3,9,2,2
Shai Gilgeous-Alexander,2024-25,"Dec 19, 2024",OKC @ ORL,36,35,4,6,4,2,4,15,26,1,5,4,4
Shai Gilgeous-Alexander,2024-25,"Dec 14, 2024",OKC vs. HOU,38,32,8,6,5,1,1,8,21,2,6,14,15
Shai Gilgeous-Alexander,2024-25,"Dec 10, 2024",OKC vs. DAL,38,39,8,5,3,1,2,15,23,5,9,4,4
Shai Gilgeous-Alexander,2024-25,"Dec 07, 2024",OKC @ NOP,34,31,2,4,0,0,4,10,18,1,3,10,12
Shai Gilgeous-Alexander,2024-25,"Dec 05, 2024",OKC @ TOR,30,30,4,5,2,2,2,11,22,1,10,7,8
Shai Gilgeous-Alexander,2024-25,"Dec 03, 2024",OKC vs. UTA,30,26,6,7,3,0,0,11,19,2,6,2,2
Shai Gilgeous-Alexander,2024-25,"Dec 01, 2024",OKC @ HOU,36,32,8,5,2,0,2,10,19,3,7,9,11
Shai Gilgeous-Alexander,2024-25,"Nov 29, 2024",OKC @ LAL,37,36,6,9,2,1,3,13,28,3,10,7,8
Shai Gilgeous-Alexander,2024-25,"Nov 27, 2024",OKC @ GSW,39,35,9,5,1,2,3,13,28,3,12,6,10
Shai Gilgeous-Alexander,2024-25,"Nov 25, 2024",OKC @ SAC,35,37,4,11,0,0,6,13,20,4,7,7,11
Shai Gilgeous-Alexander,2024-25,"Nov 20, 2024",OKC vs. POR,39,28,5,4,3,1,2,7,19,0,2,14,14
Shai Gilgeous-Alexander,2024-25,"Nov 19, 2024",OKC @ SAS,37,32,3,8,3,0,4,11,20,5,8,5,6
Shai Gilgeous-Alexander,2024-25,"Nov 17, 2024",OKC vs. DAL,38,36,2,8,2,2,1,13,19,1,1,9,11
Shai Gilgeous-Alexander,2024-25,"Nov 15, 2024",OKC vs. PHX,33,28,6,4,0,1,2,11,25,2,7,4,4
Shai Gilgeous-Alexander,2024-25,"Nov 13, 2024",OKC vs. NOP,33,29,5,5,2,2,2,12,25,3,7,2,3
Shai Gilgeous-Alexander,2024-25,"Nov 11, 2024",OKC vs. LAC,39,45,3,9,5,2,1,13,21,4,8,15,16
Shai Gilgeous-Alexander,2024-25,"Nov 10, 2024",OKC vs. GSW,34,24,5,4,0,1,4,6,17,0,2,12,14
Shai Gilgeous-Alexander,2024-25,"Nov 08, 2024",OKC vs. HOU,29,29,5,4,1,1,3,11,16,1,2,6,7
Shai Gilgeous-Alexander,2024-25,"Nov 06, 2024",OKC @ DEN,39,28,2,6,1,1,8,10,19,0,3,8,10
Shai Gilgeous-Alexander,2024-25,"Nov 04, 2024",OKC vs. ORL,35,21,6,9,1,0,4,8,16,1,3,4,4
Shai Gilgeous-Alexander,2024-25,"Nov 02, 2024",OKC @ LAC,31,25,3,9,0,1,3,7,14,2,4,9,9
Shai Gilgeous-Alexander,2024-25,"Nov 01, 2024",OKC @ POR,28,30,7,6,1,0,3,12,18,1,6,5,6
Shai Gilgeous-Alexander,2024-25,"Oct 30, 2024",OKC vs. SAS,28,18,4,5,1,0,1,7,20,2,10,2,2
Shai Gilgeous-Alexander,2024-25,"Oct 27, 2024",OKC vs. ATL,36,35,11,9,3,3,1,11,24,3,8,10,11
Shai Gilgeous-Alexander,2024-25,"Oct 26, 2024",OKC @ CHI,29,23,8,2,4,0,1,9,21,2,9,3,3
Shai Gilgeous-Alexander,2024-25,"Oct 24, 2024",OKC @ DEN,36,28,7,8,2,3,2,11,24,2,6,4,5
Jayson Tatum,2023-24,"Apr 11, 2024",BOS vs. NYK,32,18,4,7,2,1,2,5,13,1,7,7,9
Jayson Tatum,2023-24,"Apr 09, 2024",BOS @ MIL,37,22,5,6,0,1,2,9,19,4,9,0,0
Jayson Tatum,2023-24,"Apr 05, 2024",BOS vs. SAC,33,17,6,5,0,0,3,5,15,1,6,6,8
Jayson Tatum,2023-24,"Apr 03, 2024",BOS vs. OKC,29,24,7,3,1,0,0,7,15,2,5,8,8
Jayson Tatum,2023-24,"Apr 01, 2024",BOS @ CHA,34,25,10,4,2,1,4,9,19,4,10,3,3
Jayson Tatum,2023-24,"Mar 30, 2024",BOS @ NOP,36,23,9,4,0,0,4,10,17,3,6,0,0
Jayson Tatum,2023-24,"Mar 28, 2024",BOS @ ATL,45,31,13,6,0,0,2,9,22,2,7,11,13
Jayson Tatum,2023-24,"Mar 25, 2024",BOS @ ATL,39,37,8,5,2,1,2,13,26,2,7,9,11
Jayson Tatum,2023-24,"Mar 23, 2024",BOS @ CHI,37,26,2,6,1,1,5,8,20,2,7,8,9
Jayson Tatum,2023-24,"Mar 20, 2024",BOS vs. MIL,39,31,8,4,3,2,2,9,19,4,7,9,10
Jayson Tatum,2023-24,"Mar 17, 2024",BOS @ WAS,27,30,6,6,3,1,2,8,17,6,12,8,10
Jayson Tatum,2023-24,"Mar 14, 2024",BOS vs. PHX,33,26,5,5,0,0,3,10,18,4,8,2,3
Jayson Tatum,2023-24,"Mar 12, 2024",BOS @ UTA,34,38,6,2,0,1,3,13,25,4,10,8,8
Jayson Tatum,2023-24,"Mar 11, 2024",BOS @ POR,36,26,5,8,0,0,1,9,23,2,8,6,8
Jayson Tatum,2023-24,"Mar 09, 2024",BOS @ PHX,42,29,10,7,1,0,4,11,28,5,9,2,2
Jayson Tatum,2023-24,"Mar 07, 2024",BOS @ DEN,39,15,4,8,2,0,5,5,13,2,5,3,4
Jayson Tatum,2023-24,"Mar 05, 2024",BOS @ CLE,38,26,13,2,0,0,2,8,21,5,9,5,6
Jayson Tatum,2023-24,"Mar 03, 2024",BOS vs. GSW,25,27,3,5,1,1,0,9,13,4,5,5,5
Jayson Tatum,2023-24,"Mar 01, 2024",BOS vs. DAL,37,32,8,3,0,0,4,10,19,5,9,7,7
Jayson Tatum,2023-24,"Feb 27, 2024",BOS vs. PHI,35,29,11,8,0,1,1,9,20,1,7,10,11
Jayson Tatum,2023-24,"Feb 24, 2024",BOS @ NYK,43,19,6,6,2,1,4,7,15,2,8,3,4
Jayson Tatum,2023-24,"Feb 22, 2024",BOS @ CHI,35,25,7,5,3,0,3,8,17,5,10,4,6
Jayson Tatum,2023-24,"Feb 14, 2024",BOS vs. BKN,28,20,7,9,0,0,1,7,16,2,7,4,5
Jayson Tatum,2023-24,"Feb 13, 2024",BOS @ BKN,39,41,14,5,2,1,2,14,26,5,11,8,8
Jayson Tatum,2023-24,"Feb 11, 2024",BOS @ MIA,39,26,10,9,0,2,1,11,20,2,6,2,2
Jayson Tatum,2023-24,"Feb 09, 2024",BOS vs. WAS,38,35,10,8,1,2,2,12,22,3,10,8,9
Jayson Tatum,2023-24,"Feb 07, 2024",BOS vs. ATL,36,20,9,7,1,0,3,8,21,2,13,2,2
Jayson Tatum,2023-24,"Feb 04, 2024",BOS vs. MEM,31,34,8,7,1,0,2,12,22,6,12,4,4
Jayson Tatum,2023-24,"Feb 01, 2024",BOS vs. LAL,37,23,7,3,1,1,2,8,21,5,10,2,2
Jayson Tatum,2023-24,"Jan 30, 2024",BOS vs. IND,39,30,7,7,1,2,2,12,19,4,9,2,3
Jayson Tatum,2023-24,"Jan 29, 2024",BOS vs. NOP,38,28,10,8,3,1,7,10,18,2,8,6,7
Jayson Tatum,2023-24,"Jan 27, 2024",BOS vs. LAC,30,21,11,1,0,1,3,8,18,2,4,3,3
Jayson Tatum,2023-24,"Jan 25, 2024",BOS @ MIA,32,26,8,4,0,0,1,7,15,3,7,9,10
Jayson Tatum,2023-24,"Jan 22, 2024",BOS @ DAL,41,39,11,5,3,2,0,11,21,2,8,15,19
Jayson Tatum,2023-24,"Jan 21, 2024",BOS @ HOU,35,18,7,3,1,0,2,4,17,1,6,9,12
Jayson Tatum,2023-24,"Jan 19, 2024",BOS vs. DEN,39,22,8,5,1,0,0,9,24,1,8,3,3
Jayson Tatum,2023-24,"Jan 17, 2024",BOS vs. SAS,32,24,5,2,0,0,2,9,21,3,8,3,5
Jayson Tatum,2023-24,"Jan 15, 2024",BOS @ TOR,37,19,14,6,1,1,1,7,19,1,6,4,4
Jayson Tatum,2023-24,"Jan 13, 2024",BOS vs. HOU,30,27,8,5,1,1,2,9,17,4,7,5,7
Jayson Tatum,2023-24,"Jan 11, 2024",BOS @ MIL,16,7,1,3,0,0,1,2,6,0,1,3,4
Jayson Tatum,2023-24,"Jan 10, 2024",BOS vs. MIN,42,45,4,2,1,0,1,13,26,6,11,13,14
Jayson Tatum,2023-24,"Jan 06, 2024",BOS @ IND,38,38,13,6,1,0,4,14,23,8,13,2,4
Jayson Tatum,2023-24,"Jan 05, 2024",BOS vs. UTA,25,30,9,5,1,1,1,6,12,5,8,13,14
Jayson Tatum,2023-24,"Jan 02, 2024",BOS @ OKC,38,30,13,8,1,0,4,10,21,2,5,8,10
Jayson Tatum,2023-24,"Dec 31, 2023",BOS @ SAS,31,25,6,2,0,2,3,10,17,5,10,0,0
Jayson Tatum,2023-24,"Dec 28, 2023",BOS vs. DET,43,31,7,10,5,0,3,11,31,2,11,7,8
Jayson Tatum,2023-24,"Dec 25, 2023",BOS @ LAL,41,25,8,7,0,1,1,6,15,1,6,12,13
Jayson Tatum,2023-24,"Dec 23, 2023",BOS @ LAC,30,30,4,2,1,0,2,9,16,5,10,7,9
Jayson Tatum,2023-24,"Dec 19, 2023",BOS @ GSW,41,15,8,7,2,0,0,5,17,2,9,3,3
Jayson Tatum,2023-24,"Dec 17, 2023",BOS vs. ORL,31,23,8,3,0,1,1,8,21,4,6,3,4
Jayson Tatum,2023-24,"Dec 15, 2023",BOS vs. ORL,39,30,6,4,0,0,2,11,22,2,9,6,9
Jayson Tatum,2023-24,"Dec 14, 2023",BOS vs. CLE,36,27,11,3,0,3,3,9,22,3,10,6,8
Jayson Tatum,2023-24,"Dec 12, 2023",BOS vs. CLE,41,25,10,5,0,2,4,7,19,2,9,9,9
Jayson Tatum,2023-24,"Dec 08, 2023",BOS vs. NYK,39,25,6,5,1,0,0,8,18,3,9,6,8
Jayson Tatum,2023-24,"Dec 04, 2023",BOS @ IND,37,32,12,6,1,0,2,13,26,2,8,4,7
Jayson Tatum,2023-24,"Dec 01, 2023",BOS vs. PHI,27,21,7,4,1,1,7,6,9,2,5,7,9
Jayson Tatum,2023-24,"Nov 28, 2023",BOS vs. CHI,36,21,7,4,0,0,4,8,16,2,8,3,3
Jayson Tatum,2023-24,"Nov 26, 2023",BOS vs. ATL,39,34,9,4,2,0,6,11,25,5,13,7,10
Jayson Tatum,2023-24,"Nov 24, 2023",BOS @ ORL,39,26,5,3,2,0,2,7,16,0,3,12,13
Jayson Tatum,2023-24,"Nov 22, 2023",BOS vs. MIL,36,23,11,4,0,1,2,7,17,2,9,7,9
Jayson Tatum,2023-24,"Nov 20, 2023",BOS @ CHA,44,45,13,6,0,2,3,15,28,7,15,8,10
Jayson Tatum,2023-24,"Nov 19, 2023",BOS @ MEM,35,20,9,5,1,1,8,7,13,1,1,5,6
Jayson Tatum,2023-24,"Nov 17, 2023",BOS @ TOR,37,17,7,2,1,0,3,8,22,1,11,0,0
Jayson Tatum,2023-24,"Nov 15, 2023",BOS @ PHI,39,29,8,6,2,0,3,10,23,4,10,5,6
Jayson Tatum,2023-24,"Nov 13, 2023",BOS vs. NYK,39,35,6,7,1,0,3,13,23,5,12,4,5
Jayson Tatum,2023-24,"Nov 11, 2023",BOS vs. TOR,34,27,5,4,0,1,1,10,18,3,9,4,6
Jayson Tatum,2023-24,"Nov 10, 2023",BOS vs. BKN,33,23,10,3,0,0,2,6,17,4,11,7,9
Jayson Tatum,2023-24,"Nov 08, 2023",BOS @ PHI,37,16,15,6,3,0,2,6,14,2,6,2,3
Jayson Tatum,2023-24,"Nov 06, 2023",BOS @ MIN,43,32,5,2,5,0,6,12,22,2,8,6,8
Jayson Tatum,2023-24,"Nov 04, 2023",BOS @ BKN,41,32,11,1,0,0,3,10,20,6,10,6,6
Jayson Tatum,2023-24,"Nov 01, 2023",BOS vs. IND,27,30,12,4,0,0,2,9,15,3,5,9,10
Jayson Tatum,2023-24,"Oct 30, 2023",BOS @ WAS,28,33,6,3,0,0,2,14,21,4,9,1,1
Jayson Tatum,2023-24,"Oct 27, 2023",BOS vs. MIA,41,22,8,5,1,0,2,9,22,3,10,1,3
Jayson Tatum,2023-24,"Oct 25, 2023",BOS @ NYK,39,34,11,4,2,1,4,13,22,3,8,5,6
Jayson Tatum,2024-25,"Apr 11, 2025",BOS vs. CHA,32,16,8,8,0,0,0,6,17,3,10,1,1
Jayson Tatum,2024-25,"Apr 08, 2025",BOS @ NYK,48,32,7,5,1,1,2,11,22,4,11,6,8
Jayson Tatum,2024-25,"Apr 04, 2025",BOS vs. PHX,35,23,8,8,1,1,2,9,18,1,8,4,5
Jayson Tatum,2024-25,"Apr 02, 2025",BOS vs. MIA,32,16,3,7,1,0,2,4,17,2,9,6,7
Jayson Tatum,2024-25,"Mar 31, 2025",BOS @ MEM,38,25,14,2,0,1,4,10,24,2,11,3,3
Jayson Tatum,2024-25,"Mar 29, 2025",BOS @ SAS,36,29,10,8,0,1,1,10,22,2,9,7,7
Jayson Tatum,2024-25,"Mar 24, 2025",BOS @ SAC,26,25,7,8,0,0,3,8,15,5,9,4,8
Jayson Tatum,2024-25,"Mar 23, 2025",BOS @ POR,37,30,9,9,1,2,3,11,24,1,7,7,7
Jayson Tatum,2024-25,"Mar 21, 2025",BOS @ UTA,33,26,6,6,3,0,6,11,25,3,10,1,1
Jayson Tatum,2024-25,"Mar 15, 2025",BOS @ BKN,36,20,8,8,0,0,2,8,19,1,7,3,3
Jayson Tatum,2024-25,"Mar 14, 2025",BOS @ MIA,37,28,4,5,1,0,5,8,21,5,12,7,7
Jayson Tatum,2024-25,"Mar 12, 2025",BOS vs. OKC,41,33,8,8,0,0,4,12,23,4,13,5,5
Jayson Tatum,2024-25,"Mar 08, 2025",BOS vs. LAL,45,40,12,8,2,1,3,12,28,6,16,10,12
Jayson Tatum,2024-25,"Mar 06, 2025",BOS vs. PHI,31,35,7,2,3,0,4,14,23,5,11,2,2
Jayson Tatum,2024-25,"Mar 02, 2025",BOS vs. DEN,38,16,11,7,0,0,6,4,15,1,7,7,8
Jayson Tatum,2024-25,"Feb 28, 2025",BOS vs. CLE,41,46,16,9,0,3,3,19,37,4,12,4,5
Jayson Tatum,2024-25,"Feb 26, 2025",BOS @ DET,33,27,6,3,0,0,4,10,19,4,9,3,4
Jayson Tatum,2024-25,"Feb 25, 2025",BOS @ TOR,40,19,6,11,1,0,6,7,18,3,12,2,2
Jayson Tatum,2024-25,"Feb 23, 2025",BOS vs. NYK,37,25,10,9,1,0,3,8,20,3,10,6,6
Jayson Tatum,2024-25,"Feb 20, 2025",BOS @ PHI,35,15,11,10,1,0,3,5,13,2,7,3,3
Jayson Tatum,2024-25,"Feb 12, 2025",BOS vs. SAS,38,32,14,7,0,1,2,12,25,4,14,4,8
Jayson Tatum,2024-25,"Feb 10, 2025",BOS @ MIA,38,33,8,2,0,1,0,13,26,4,12,3,3
Jayson Tatum,2024-25,"Feb 08, 2025",BOS @ NYK,37,40,6,4,0,0,1,13,26,7,14,7,9
Jayson Tatum,2024-25,"Feb 06, 2025",BOS vs. DAL,29,17,4,4,0,1,4,5,12,3,5,4,5
Jayson Tatum,2024-25,"Feb 04, 2025",BOS @ CLE,35,22,4,7,2,2,1,7,23,3,11,5,6
Jayson Tatum,2024-25,"Feb 02, 2025",BOS @ PHI,44,35,7,11,1,1,3,13,20,5,8,4,5
Jayson Tatum,2024-25,"Jan 31, 2025",BOS @ NOP,39,27,6,10,1,0,5,10,21,4,10,3,5
Jayson Tatum,2024-25,"Jan 29, 2025",BOS vs. CHI,32,16,8,5,0,0,3,5,15,2,6,4,4
Jayson Tatum,2024-25,"Jan 27, 2025",BOS vs. HOU,42,19,6,7,0,0,3,5,14,1,7,8,8
Jayson Tatum,2024-25,"Jan 25, 2025",BOS @ DAL,35,24,6,3,1,0,3,8,22,4,12,4,4
Jayson Tatum,2024-25,"Jan 23, 2025",BOS @ LAL,30,16,6,5,1,1,2,5,12,2,6,4,7
Jayson Tatum,2024-25,"Jan 22, 2025",BOS @ LAC,43,24,7,8,1,2,5,9,22,4,13,2,3
Jayson Tatum,2024-25,"Jan 20, 2025",BOS @ GSW,28,22,9,7,2,0,3,9,20,3,10,1,1
Jayson Tatum,2024-25,"Jan 18, 2025",BOS vs. ATL,43,23,8,7,3,0,3,7,21,2,9,7,8
Jayson Tatum,2024-25,"Jan 17, 2025",BOS vs. ORL,35,30,6,4,2,1,1,12,21,4,9,2,3
Jayson Tatum,2024-25,"Jan 15, 2025",BOS @ TOR,36,16,10,7,0,1,1,5,15,3,9,3,5
Jayson Tatum,2024-25,"Jan 12, 2025",BOS vs. NOP,36,38,11,1,1,1,3,14,30,2,10,8,10
Jayson Tatum,2024-25,"Jan 10, 2025",BOS vs. SAC,35,15,12,5,0,0,8,5,13,3,7,2,3
Jayson Tatum,2024-25,"Jan 07, 2025",BOS @ DEN,38,29,4,6,1,2,2,11,23,1,9,6,6
Jayson Tatum,2024-25,"Jan 05, 2025",BOS @ OKC,39,26,10,1,2,0,2,7,17,2,6,10,12
Jayson Tatum,2024-25,"Jan 03, 2025",BOS @ HOU,33,20,6,5,1,0,3,7,19,4,10,2,2
Jayson Tatum,2024-25,"Jan 02, 2025",BOS @ MIN,38,33,8,9,3,0,2,13,27,6,17,1,2
Jayson Tatum,2024-25,"Dec 31, 2024",BOS vs. TOR,29,23,8,3,1,0,3,6,13,4,9,7,11
Jayson Tatum,2024-25,"Dec 29, 2024",BOS vs. IND,41,22,9,6,3,1,3,8,17,2,10,4,5
Jayson Tatum,2024-25,"Dec 27, 2024",BOS vs. IND,32,22,13,4,3,0,1,7,15,3,10,5,6
Jayson Tatum,2024-25,"Dec 25, 2024",BOS vs. PHI,42,32,15,4,1,1,3,11,20,4,8,6,7
Jayson Tatum,2024-25,"Dec 21, 2024",BOS @ CHI,36,43,15,10,0,0,4,16,24,9,15,2,2
Jayson Tatum,2024-25,"Dec 19, 2024",BOS vs. CHI,37,31,10,4,2,0,1,10,22,4,11,7,9
Jayson Tatum,2024-25,"Dec 15, 2024",BOS @ WAS,35,28,12,2,0,0,4,12,26,2,9,2,2
Jayson Tatum,2024-25,"Dec 07, 2024",BOS vs. MEM,38,17,13,9,0,0,1,6,21,1,10,4,5
Jayson Tatum,2024-25,"Dec 06, 2024",BOS vs. MIL,37,34,10,5,0,0,1,12,20,4,10,6,8
Jayson Tatum,2024-25,"Dec 02, 2024",BOS vs. MIA,36,18,11,4,1,0,6,7,21,3,12,1,1
Jayson Tatum,2024-25,"Dec 01, 2024",BOS @ CLE,38,33,8,4,1,1,2,12,27,4,9,5,5
Jayson Tatum,2024-25,"Nov 29, 2024",BOS @ CHI,36,35,14,5,1,1,3,12,18,4,8,7,10
Jayson Tatum,2024-25,"Nov 25, 2024",BOS vs. LAC,30,20,9,4,0,2,3,7,15,2,6,4,6
Jayson Tatum,2024-25,"Nov 24, 2024",BOS vs. MIN,38,26,8,4,2,0,1,8,21,5,12,5,6
Jayson Tatum,2024-25,"Nov 22, 2024",BOS @ WAS,37,16,9,8,2,0,3,6,19,0,10,4,6
Jayson Tatum,2024-25,"Nov 19, 2024",BOS vs. CLE,38,33,12,7,2,0,4,11,22,6,10,5,7
Jayson Tatum,2024-25,"Nov 16, 2024",BOS vs. TOR,42,24,11,9,0,0,2,7,19,5,12,5,5
Jayson Tatum,2024-25,"Nov 13, 2024",BOS @ BKN,35,36,9,10,0,0,1,12,19,5,6,7,9
Jayson Tatum,2024-25,"Nov 12, 2024",BOS vs. ATL,37,20,6,8,1,2,5,5,16,2,9,8,8
Jayson Tatum,2024-25,"Nov 10, 2024",BOS @ MIL,40,31,12,6,0,0,5,7,21,4,12,13,15
Jayson Tatum,2024-25,"Nov 08, 2024",BOS vs. BKN,42,33,9,6,2,1,3,11,25,5,13,6,7
Jayson Tatum,2024-25,"Nov 06, 2024",BOS vs. GSW,37,32,4,2,1,1,4,10,20,5,10,7,9
Jayson Tatum,2024-25,"Nov 04, 2024",BOS @ ATL,30,28,6,9,2,0,1,10,21,6,14,2,3
Jayson Tatum,2024-25,"Nov 02, 2024",BOS @ CHA,34,29,7,3,0,0,5,7,15,1,9,14,17
Jayson Tatum,2024-25,"Nov 01, 2024",BOS @ CHA,36,32,11,3,3,1,5,9,19,3,9,11,13
Jayson Tatum,2024-25,"Oct 30, 2024",BOS @ IND,43,37,8,4,4,0,3,10,25,5,18,12,15
Jayson Tatum,2024-25,"Oct 28, 2024",BOS vs. MIL,36,15,8,4,2,1,3,6,16,1,8,2,2
Jayson Tatum,2024-25,"Oct 26, 2024",BOS @ DET,38,37,4,2,2,1,1,12,26,6,13,7,9
Jayson Tatum,2024-25,"Oct 24, 2024",BOS @ WAS,29,25,11,6,1,0,1,9,20,3,11,4,7
Jayson Tatum,2024-25,"Oct 22, 2024",BOS vs. NYK,30,37,4,10,1,1,1,14,18,8,11,1,2
Giannis Antetokounmpo,2023-24,"Apr 09, 2024",MIL vs. BOS,29,15,8,7,1,2,4,7,11,0,0,1,2
Giannis Antetokounmpo,2023-24,"Apr 07, 2024",MIL vs. NYK,39,28,15,8,1,2,4,10,20,0,1,8,11
Giannis Antetokounmpo,2023-24,"Apr 03, 2024",MIL vs. MEM,32,21,7,8,1,5,3,10,23,0,4,1,3
Giannis Antetokounmpo,2023-24,"Apr 02, 2024",MIL @ WAS,36,35,15,10,0,0,2,15,21,0,0,5,9
Giannis Antetokounmpo,2023-24,"Mar 30, 2024",MIL @ ATL,38,36,16,8,3,1,3,12,22,0,1,12,16
Giannis Antetokounmpo,2023-24,"Mar 28, 2024",MIL @ NOP,39,35,14,4,0,0,2,15,22,0,2,5,11
Giannis Antetokounmpo,2023-24,"Mar 26, 2024",MIL vs. LAL,46,29,21,11,2,3,7,14,25,0,1,1,6
Giannis Antetokounmpo,2023-24,"Mar 24, 2024",MIL vs. OKC,34,30,19,4,0,1,3,13,18,0,0,4,6
Giannis Antetokounmpo,2023-24,"Mar 21, 2024",MIL vs. BKN,35,21,9,5,0,2,2,9,19,1,2,2,4
Giannis Antetokounmpo,2023-24,"Mar 14, 2024",MIL vs. PHI,37,32,11,7,1,0,7,9,12,0,0,14,18
Giannis Antetokounmpo,2023-24,"Mar 12, 2024",MIL @ SAC,33,30,13,4,1,0,4,10,17,0,2,10,14
Giannis Antetokounmpo,2023-24,"Mar 10, 2024",MIL @ LAC,39,34,7,10,1,1,3,12,24,0,2,10,15
Giannis Antetokounmpo,2023-24,"Mar 08, 2024",MIL @ LAL,39,34,14,12,1,1,4,14,23,1,3,5,7
Giannis Antetokounmpo,2023-24,"Mar 06, 2024",MIL @ GSW,33,23,7,6,0,1,2,8,15,1,3,6,9
Giannis Antetokounmpo,2023-24,"Mar 01, 2024",MIL @ CHI,37,46,16,6,1,1,1,16,22,2,3,12,16
Giannis Antetokounmpo,2023-24,"Feb 29, 2024",MIL @ CHA,33,24,10,5,0,0,1,10,15,2,2,2,3
Giannis Antetokounmpo,2023-24,"Feb 27, 2024",MIL vs. CHA,24,24,8,1,0,0,1,8,13,1,1,7,8
Giannis Antetokounmpo,2023-24,"Feb 25, 2024",MIL @ PHI,36,30,12,9,0,1,6,10,17,1,2,9,12
Giannis Antetokounmpo,2023-24,"Feb 23, 2024",MIL @ MIN,41,33,13,5,1,0,3,9,13,1,1,14,21
Giannis Antetokounmpo,2023-24,"Feb 15, 2024",MIL @ MEM,37,35,4,12,0,0,1,15,17,0,0,5,9
Giannis Antetokounmpo,2023-24,"Feb 13, 2024",MIL vs. MIA,34,23,11,8,0,2,5,11,18,1,2,0,0
Giannis Antetokounmpo,2023-24,"Feb 12, 2024",MIL vs. DEN,30,36,18,5,3,2,2,14,19,0,0,8,14
Giannis Antetokounmpo,2023-24,"Feb 09, 2024",MIL vs. CHA,24,15,14,3,1,1,0,5,10,0,1,5,7
Giannis Antetokounmpo,2023-24,"Feb 08, 2024",MIL vs. MIN,27,17,3,7,1,0,3,7,14,0,2,3,7
Giannis Antetokounmpo,2023-24,"Feb 06, 2024",MIL @ PHX,39,34,10,6,0,0,5,13,24,1,3,7,13
Giannis Antetokounmpo,2023-24,"Feb 04, 2024",MIL @ UTA,40,33,7,13,0,1,5,11,15,0,2,11,15
Giannis Antetokounmpo,2023-24,"Feb 03, 2024",MIL @ DAL,40,48,6,10,5,1,1,20,28,2,5,6,10
Giannis Antetokounmpo,2023-24,"Jan 31, 2024",MIL @ POR,38,27,8,4,3,1,6,10,16,0,2,7,11
Giannis Antetokounmpo,2023-24,"Jan 29, 2024",MIL @ DEN,37,29,12,4,1,1,2,11,19,1,1,6,11
Giannis Antetokounmpo,2023-24,"Jan 27, 2024",MIL vs. NOP,29,30,12,4,2,0,1,11,16,1,1,7,11
Giannis Antetokounmpo,2023-24,"Jan 26, 2024",MIL vs. CLE,36,22,11,9,1,1,6,9,13,0,0,4,9
Giannis Antetokounmpo,2023-24,"Jan 24, 2024",MIL vs. CLE,35,35,18,10,0,2,2,16,24,1,1,2,3
Giannis Antetokounmpo,2023-24,"Jan 22, 2024",MIL @ DET,36,31,17,10,3,2,2,11,25,1,5,8,12
Giannis Antetokounmpo,2023-24,"Jan 20, 2024",MIL @ DET,38,31,10,9,2,1,5,10,16,0,1,11,22
Giannis Antetokounmpo,2023-24,"Jan 14, 2024",MIL vs. SAC,40,27,10,10,3,0,4,9,16,0,2,9,14
Giannis Antetokounmpo,2023-24,"Jan 13, 2024",MIL vs. GSW,37,33,9,5,0,0,4,13,22,1,3,6,8
Giannis Antetokounmpo,2023-24,"Jan 11, 2024",MIL vs. BOS,26,24,12,6,1,1,4,10,13,0,0,4,5
Giannis Antetokounmpo,2023-24,"Jan 08, 2024",MIL vs. UTA,38,25,10,11,0,0,4,10,20,0,2,5,9
Giannis Antetokounmpo,2023-24,"Jan 06, 2024",MIL @ HOU,39,48,17,2,0,1,2,16,25,1,2,15,21
Giannis Antetokounmpo,2023-24,"Jan 04, 2024",MIL @ SAS,40,44,14,7,2,1,1,19,28,2,3,4,6
Giannis Antetokounmpo,2023-24,"Jan 03, 2024",MIL @ IND,36,26,11,8,3,1,3,8,13,1,2,9,13
Giannis Antetokounmpo,2023-24,"Jan 01, 2024",MIL vs. IND,37,30,18,11,1,2,4,11,20,0,3,8,11
Giannis Antetokounmpo,2023-24,"Dec 29, 2023",MIL @ CLE,37,34,16,5,1,0,3,14,22,0,1,6,7
Giannis Antetokounmpo,2023-24,"Dec 27, 2023",MIL @ BKN,30,32,10,8,0,2,2,10,12,0,0,12,17
Giannis Antetokounmpo,2023-24,"Dec 25, 2023",MIL @ NYK,39,32,13,6,1,2,2,13,24,1,2,5,9
Giannis Antetokounmpo,2023-24,"Dec 23, 2023",MIL @ NYK,32,28,7,7,1,1,5,11,17,0,0,6,8
Giannis Antetokounmpo,2023-24,"Dec 21, 2023",MIL vs. ORL,37,37,10,6,0,2,5,11,25,0,3,15,19
Giannis Antetokounmpo,2023-24,"Dec 19, 2023",MIL vs. SAS,34,11,14,16,2,1,3,4,12,0,2,3,6
Giannis Antetokounmpo,2023-24,"Dec 17, 2023",MIL vs. HOU,39,26,17,3,0,0,6,10,22,1,3,5,11
Giannis Antetokounmpo,2023-24,"Dec 16, 2023",MIL vs. DET,26,22,8,6,1,0,0,7,9,0,0,8,13
Giannis Antetokounmpo,2023-24,"Dec 13, 2023",MIL vs. IND,37,64,14,3,4,1,4,20,28,0,3,24,32
Giannis Antetokounmpo,2023-24,"Dec 11, 2023",MIL vs. CHI,41,32,12,6,2,0,2,9,13,0,0,14,18
Giannis Antetokounmpo,2023-24,"Dec 07, 2023",MIL vs. IND,41,37,10,2,0,2,1,13,19,0,1,11,13
Giannis Antetokounmpo,2023-24,"Dec 05, 2023",MIL vs. NYK,34,35,8,10,3,0,4,15,22,1,1,4,9
Giannis Antetokounmpo,2023-24,"Dec 02, 2023",MIL vs. ATL,36,32,11,10,2,1,5,14,20,0,1,4,5
Giannis Antetokounmpo,2023-24,"Nov 30, 2023",MIL @ CHI,39,26,14,5,2,5,5,11,17,0,1,4,4
Giannis Antetokounmpo,2023-24,"Nov 28, 2023",MIL @ MIA,40,33,10,5,3,1,4,11,16,1,2,10,13
Giannis Antetokounmpo,2023-24,"Nov 26, 2023",MIL vs. POR,39,33,16,6,1,3,4,11,21,0,1,11,18
Giannis Antetokounmpo,2023-24,"Nov 24, 2023",MIL vs. WAS,37,31,9,3,3,1,3,11,19,0,0,9,12
Giannis Antetokounmpo,2023-24,"Nov 22, 2023",MIL @ BOS,37,21,13,5,2,0,3,7,20,0,3,7,10
Giannis Antetokounmpo,2023-24,"Nov 20, 2023",MIL @ WAS,34,42,13,8,1,1,5,20,23,0,0,2,6
Giannis Antetokounmpo,2023-24,"Nov 18, 2023",MIL vs. DAL,38,40,15,7,2,1,3,18,26,1,3,3,5
Giannis Antetokounmpo,2023-24,"Nov 17, 2023",MIL @ CHA,28,16,8,9,1,0,4,6,10,0,0,4,7
Giannis Antetokounmpo,2023-24,"Nov 13, 2023",MIL vs. CHI,35,35,11,2,0,0,3,13,22,1,3,8,14
Giannis Antetokounmpo,2023-24,"Nov 11, 2023",MIL @ ORL,37,35,10,7,4,2,6,15,22,0,1,5,12
Giannis Antetokounmpo,2023-24,"Nov 09, 2023",MIL @ IND,36,54,12,3,0,0,8,19,25,0,1,16,18
Giannis Antetokounmpo,2023-24,"Nov 08, 2023",MIL vs. DET,22,15,9,5,0,3,1,6,16,0,2,3,6
Giannis Antetokounmpo,2023-24,"Nov 06, 2023",MIL @ BKN,35,36,12,3,1,2,3,15,27,1,7,5,6
Giannis Antetokounmpo,2023-24,"Nov 03, 2023",MIL vs. NYK,36,22,8,6,0,1,7,6,10,3,3,7,13
Giannis Antetokounmpo,2023-24,"Nov 01, 2023",MIL @ TOR,28,16,4,2,1,0,3,5,11,0,0,6,9
Giannis Antetokounmpo,2023-24,"Oct 30, 2023",MIL vs. MIA,32,33,7,2,0,1,2,12,21,1,3,8,11
Giannis Antetokounmpo,2023-24,"Oct 29, 2023",MIL vs. ATL,29,26,11,3,1,2,3,9,14,0,1,8,10
Giannis Antetokounmpo,2023-24,"Oct 26, 2023",MIL vs. PHI,35,23,12,3,2,2,7,10,21,0,3,3,9
Giannis Antetokounmpo,2024-25,"Apr 11, 2025",MIL @ DET,38,32,11,15,1,2,3,11,22,0,2,10,11
Giannis Antetokounmpo,2024-25,"Apr 10, 2025",MIL vs. NOP,26,28,11,5,0,1,0,11,17,1,2,5,10
Giannis Antetokounmpo,2024-25,"Apr 08, 2025",MIL vs. MIN,38,23,13,10,1,1,0,9,15,1,2,4,11
Giannis Antetokounmpo,2024-25,"Apr 05, 2025",MIL @ MIA,43,36,15,10,0,1,3,13,21,0,1,10,14
Giannis Antetokounmpo,2024-25,"Apr 03, 2025",MIL @ PHI,39,35,17,20,2,0,2,12,19,1,1,10,11
Giannis Antetokounmpo,2024-25,"Apr 01, 2025",MIL vs. PHX,36,37,5,11,3,1,2,12,18,2,4,11,12
Giannis Antetokounmpo,2024-25,"Mar 30, 2025",MIL vs. ATL,30,31,9,5,1,0,5,11,18,0,1,9,14
Giannis Antetokounmpo,2024-25,"Mar 28, 2025",MIL vs. NYK,35,30,9,7,0,0,2,11,17,0,3,8,11
Giannis Antetokounmpo,2024-25,"Mar 24, 2025",MIL @ PHX,37,31,10,5,1,0,2,12,19,1,2,6,13
Giannis Antetokounmpo,2024-25,"Mar 22, 2025",MIL @ SAC,35,32,17,3,1,1,2,12,20,0,0,8,13
Giannis Antetokounmpo,2024-25,"Mar 20, 2025",MIL @ LAL,29,28,7,4,2,1,3,9,15,0,0,10,12
Giannis Antetokounmpo,2024-25,"Mar 18, 2025",MIL @ GSW,39,20,9,7,3,2,1,5,16,0,1,10,15
Giannis Antetokounmpo,2024-25,"Mar 16, 2025",MIL vs. OKC,36,21,12,10,1,2,1,7,15,0,0,7,12
Giannis Antetokounmpo,2024-25,"Mar 15, 2025",MIL vs. IND,35,34,10,7,1,3,6,14,19,0,0,6,6
Giannis Antetokounmpo,2024-25,"Mar 13, 2025",MIL vs. LAL,30,24,12,9,1,1,3,8,17,0,1,8,13
Giannis Antetokounmpo,2024-25,"Mar 11, 2025",MIL @ IND,34,19,17,7,0,1,3,9,14,0,1,1,3
Giannis Antetokounmpo,2024-25,"Mar 09, 2025",MIL vs. CLE,34,30,9,3,2,0,4,13,24,0,0,4,8
Giannis Antetokounmpo,2024-25,"Mar 08, 2025",MIL vs. ORL,35,37,11,4,1,0,1,15,23,0,0,7,11
Giannis Antetokounmpo,2024-25,"Mar 05, 2025",MIL vs. DAL,25,32,15,4,1,0,3,13,20,0,0,6,6
Giannis Antetokounmpo,2024-25,"Mar 04, 2025",MIL @ ATL,34,26,12,10,1,0,3,9,18,0,2,8,12
Giannis Antetokounmpo,2024-25,"Mar 01, 2025",MIL @ DAL,32,29,9,9,1,2,0,9,14,0,1,11,13
Giannis Antetokounmpo,2024-25,"Feb 27, 2025",MIL vs. DEN,33,28,19,7,0,1,2,11,23,1,2,5,8
Giannis Antetokounmpo,2024-25,"Feb 25, 2025",MIL @ HOU,32,27,10,6,1,1,1,9,17,0,1,9,12
Giannis Antetokounmpo,2024-25,"Feb 23, 2025",MIL vs. MIA,32,23,16,7,1,1,3,11,18,1,2,0,0
Giannis Antetokounmpo,2024-25,"Feb 21, 2025",MIL @ WAS,19,18,6,3,1,1,7,6,9,0,0,6,11
Giannis Antetokounmpo,2024-25,"Feb 20, 2025",MIL vs. LAC,24,23,8,4,0,1,3,10,14,0,2,3,5
Giannis Antetokounmpo,2024-25,"Feb 02, 2025",MIL vs. MEM,37,30,11,7,2,1,4,14,21,2,3,0,6
Giannis Antetokounmpo,2024-25,"Jan 31, 2025",MIL @ SAS,34,35,14,6,0,1,2,13,23,0,1,9,14
Giannis Antetokounmpo,2024-25,"Jan 28, 2025",MIL @ POR,36,39,12,5,0,0,4,17,24,0,0,5,10
Giannis Antetokounmpo,2024-25,"Jan 27, 2025",MIL @ UTA,37,35,18,7,2,0,2,16,23,0,1,3,10
Giannis Antetokounmpo,2024-25,"Jan 25, 2025",MIL @ LAC,35,36,13,1,0,1,4,12,22,0,1,12,15
Giannis Antetokounmpo,2024-25,"Jan 23, 2025",MIL vs. MIA,32,25,12,4,0,3,1,10,18,0,0,5,10
Giannis Antetokounmpo,2024-25,"Jan 19, 2025",MIL vs. PHI,36,34,15,6,0,0,0,13,17,0,0,8,14
Giannis Antetokounmpo,2024-25,"Jan 17, 2025",MIL vs. TOR,35,35,13,3,1,1,6,12,20,0,1,11,18
Giannis Antetokounmpo,2024-25,"Jan 15, 2025",MIL vs. ORL,30,26,11,4,1,0,6,11,15,0,0,4,8
Giannis Antetokounmpo,2024-25,"Jan 14, 2025",MIL vs. SAC,37,33,11,13,0,2,3,14,23,0,2,5,7
Giannis Antetokounmpo,2024-25,"Jan 12, 2025",MIL @ NYK,31,24,13,2,0,1,4,10,21,0,1,4,10
Giannis Antetokounmpo,2024-25,"Jan 10, 2025",MIL @ ORL,37,41,14,4,3,2,3,19,29,0,1,3,10
Giannis Antetokounmpo,2024-25,"Jan 08, 2025",MIL vs. SAS,36,25,16,8,0,1,4,11,21,0,1,3,7
Giannis Antetokounmpo,2024-25,"Jan 06, 2025",MIL @ TOR,29,11,12,13,0,0,7,5,8,0,1,1,2
Giannis Antetokounmpo,2024-25,"Jan 04, 2025",MIL vs. POR,38,31,11,2,2,2,4,14,27,0,1,3,4
Giannis Antetokounmpo,2024-25,"Jan 02, 2025",MIL vs. BKN,37,27,13,7,1,3,3,12,24,0,0,3,10
Giannis Antetokounmpo,2024-25,"Dec 31, 2024",MIL @ IND,35,30,12,5,2,0,2,11,20,0,0,8,13
Giannis Antetokounmpo,2024-25,"Dec 20, 2024",MIL @ CLE,30,33,14,3,3,0,5,13,22,1,1,6,10
Giannis Antetokounmpo,2024-25,"Dec 14, 2024",MIL vs. ATL,38,32,14,9,1,4,1,10,15,0,0,12,18
Giannis Antetokounmpo,2024-25,"Dec 10, 2024",MIL vs. ORL,36,37,7,1,2,4,6,15,24,0,2,7,12
Giannis Antetokounmpo,2024-25,"Dec 08, 2024",MIL @ BKN,38,34,11,4,1,3,3,14,22,0,0,6,10
Giannis Antetokounmpo,2024-25,"Dec 06, 2024",MIL @ BOS,36,30,11,1,0,0,1,13,25,0,1,4,6
Giannis Antetokounmpo,2024-25,"Dec 04, 2024",MIL vs. ATL,36,31,11,5,1,0,4,8,14,0,0,15,26
Giannis Antetokounmpo,2024-25,"Dec 03, 2024",MIL @ DET,28,28,7,8,0,1,6,10,11,0,0,8,12
Giannis Antetokounmpo,2024-25,"Nov 30, 2024",MIL vs. WAS,38,42,12,11,0,1,4,15,24,0,0,12,17
Giannis Antetokounmpo,2024-25,"Nov 23, 2024",MIL vs. CHA,31,32,11,6,0,2,4,12,23,1,3,7,10
Giannis Antetokounmpo,2024-25,"Nov 22, 2024",MIL vs. IND,35,37,10,11,2,1,6,14,21,0,0,9,11
Giannis Antetokounmpo,2024-25,"Nov 20, 2024",MIL vs. CHI,35,41,9,8,1,0,1,17,24,0,1,7,14
Giannis Antetokounmpo,2024-25,"Nov 18, 2024",MIL vs. HOU,36,20,13,4,0,3,8,9,17,0,0,2,7
Giannis Antetokounmpo,2024-25,"Nov 16, 2024",MIL @ CHA,33,22,15,12,0,2,2,11,22,0,1,0,1
Giannis Antetokounmpo,2024-25,"Nov 13, 2024",MIL vs. DET,44,59,14,7,2,3,3,21,34,1,2,16,17
Giannis Antetokounmpo,2024-25,"Nov 12, 2024",MIL vs. TOR,33,23,4,7,0,4,4,9,12,0,1,5,9
Giannis Antetokounmpo,2024-25,"Nov 10, 2024",MIL vs. BOS,39,43,13,5,0,2,1,18,29,1,2,6,10
Giannis Antetokounmpo,2024-25,"Nov 08, 2024",MIL @ NYK,32,24,12,2,0,2,1,11,21,0,1,2,6
Giannis Antetokounmpo,2024-25,"Nov 07, 2024",MIL vs. UTA,30,31,16,2,1,1,4,11,21,0,0,9,12
Giannis Antetokounmpo,2024-25,"Nov 02, 2024",MIL vs. CLE,39,34,16,9,1,0,0,15,27,0,0,4,7
Giannis Antetokounmpo,2024-25,"Oct 31, 2024",MIL @ MEM,34,37,11,4,1,1,1,17,22,0,0,3,8
Giannis Antetokounmpo,2024-25,"Oct 28, 2024",MIL @ BOS,39,30,10,6,0,0,7,14,26,0,2,2,6
Giannis Antetokounmpo,2024-25,"Oct 27, 2024",MIL @ BKN,33,22,12,7,1,1,4,7,11,0,0,8,11
Giannis Antetokounmpo,2024-25,"Oct 25, 2024",MIL vs. CHI,35,38,11,5,0,0,3,15,23,0,1,8,16
Giannis Antetokounmpo,2024-25,"Oct 23, 2024",MIL @ PHI,31,25,14,7,0,1,3,8,11,0,0,9,16
